label,NECTIN2,SLC41A1,SETD1A,BCKDK,PCGF3,USP8,MED12L,CCSER1,TIAL1,HIP1R,RPL13AP3,MIPOL1,MCCC1,TMEM229B,FCGR2A,KTN1,GAK,SLC25A44,RBMS3,ARHGAP27,NSF,WDR41,KANSL1,TMEM175,UBAP2,LDLRAD4,MUC12,MAP4K4,FAM47E,PKP2,ARHGEF2,PMVK,LRRK2,TEKT4,RAB29,WNT3,BAG3,CC2D2A,PLPP4,IRS2,PITPNM2,IP6K2,SPATA6,KNTC1,RILPL2,KRTCAP2,ELOVL7,CCT3,DLG2,GPNMB,TRIM46,SCN2A,FBRSL1,BIN3,ITGA8,KCNN3,ASXL3,SYT17,SPPL2C,PIK3CA,ITGA2B,HLA-DQB1,SNCA,CDC42BPB,P2RX5,ITGAE,PBXIP1,SV2C,SLC18B1,PARP9,RIMS1,FASN,RORA,PDLIM2,SEMA4A,CCDC85A,MED13,RIT1,DGKQ,DYRK1A,TPRA1,KPNA3,SPPL2B,SCARB2,STX1B,KLHL7,CTSB,HLA-DRB1,WDHD1,FYN,GALNT9,LINC02210,ASH1L,SYT10,RIT2,STK39,COMMD1,CARS2,DCUN1D1,ZNF608,DDRGK1,VAMP4,SEC23IP,RPL10,CNTN1,SYT4,TMEM163,INPP5F,HEATR6,NUCKS1,MTF2,HLA-DRA,LZTS3,NDUFAF2,MYLK2,RNF141,CLCN3,LMNA,SIPA1L2,SLC2A13,ITPKB,GPM6B,DNASE1L1,TBC1D5,LAMTOR2,SH3GL2,NOL4,CAMK2D,MAPT
1,0.3700041451082431,0.527316328933347,0.6433588742718529,0.452035666080705,0.6550644571014932,0.4132201549408333,0.5611965092493584,0.5751079220017428,0.6280877598784853,0.4572976480982928,0.5296118162425492,0.393223645719333,0.6949509717811431,0.4913826946002331,0.3050746557521279,0.3306100567034876,0.5628286800141952,0.6143546299293113,0.3807875677509946,0.3107068215934089,0.5532265085434313,0.5359382096872926,0.5372849350297879,0.4296923901532203,0.660267171910042,0.5555961138009953,0.348422714996282,0.4830976123546555,0.5408202679542251,0.5421643583268966,0.674320582250243,0.4269446874919638,0.6149163928262437,0.4544421436448846,0.2942196803252737,0.4918533374677737,0.2721111956718611,0.3891580015540308,0.3545045274117427,0.3628747463934794,0.728166555445725,0.4827533158468751,0.3834351916958272,0.6081448733396952,0.5988654331972105,0.3205450637415662,0.4900258859995897,0.5441872196075209,0.6486492581043333,0.5939452388786024,0.4426893576402435,0.7000292109032477,0.7809629311660437,0.5718256578072046,0.4397809487948123,0.4018466617366594,0.7379531129243642,0.5496748342085459,0.4253226434066998,0.4619473314440196,0.6553889870144785,0.330135141647498,0.734019009253467,0.5428832705447776,0.5452068935257307,0.5762811000946577,0.3542110815204483,0.4233376918286756,0.3828285135983847,0.4691638840713517,0.6581933367101646,0.5115607113860341,0.5253938125719851,0.3942400055497141,0.4843792998923115,0.5931919463568002,0.4397696676490372,0.4422078305253346,0.3624236568716405,0.6573991516519629,0.5027054662739653,0.4056108003776919,0.4437240744929402,0.499817920668133,0.6049420496501281,0.4192184284644332,0.5848421552499504,0.2985467153355312,0.4709336025265059,0.4412149452377891,0.6899265591089541,0.6713793586771942,0.644745283326989,0.3914604626036935,0.4730248711166995,0.5607120964954412,0.5334770591611292,0.5048141261404008,0.5282828605605785,0.4072899354697166,0.7203107049000793,0.5520684158077908,0.4231182810652294,0.564533096179834,0.6008798849384934,0.478926779316181,0.4323045548089952,0.4754387844926955,0.4744030631722888,0.4257140149017616,0.5260842209083226,0.3388155799200739,0.6392055373437033,0.3364173625749247,0.4185788614963989,0.4338635011433149,0.3966612302350201,0.3855055830046676,0.5241071144414066,0.4714026932321624,0.3699586654556863,0.5522982562146993,0.4716804681606781,0.5060377970663963,0.5333220924151238,0.7224240522067543,0.6740750288907549,0.5147130636257236,0.7549269630129934
2,0.6630645003220756,0.6992476912566662,0.3919947828558935,0.5650686065963372,0.5210297938342779,0.3295708750765446,0.367969344180712,0.4406760686949071,0.5981179373337118,0.5544492707027789,0.6183800775462761,0.4315488390939626,0.587700296673217,0.2764991819188295,0.4951000850280353,0.3501619340752448,0.5627009803336706,0.5205441064669735,0.4657203620100288,0.3338017523873205,0.3539730423830559,0.4754132545631,0.253763552706855,0.4625008926551501,0.7362959027334767,0.52316906007328,0.3666307975651533,0.5272797920389949,0.5882554173899884,0.5599665953018315,0.4795736431159718,0.7389448344936862,0.4288239873261811,0.3644817899091679,0.5021926596546152,0.3398974774126517,0.4286536168748938,0.5648130539269046,0.5459669717887528,0.5443629566663295,0.665328097818494,0.5022106325222747,0.4859228535969236,0.4880829302770119,0.7608220951001923,0.3775981011328065,0.4296180230232846,0.5920655865841192,0.7713947758771925,0.609144212119829,0.4627135616222924,0.5682551709192546,0.7465273952188136,0.3379849852009551,0.6956275152489221,0.6682618007267006,0.6544098236716419,0.7602965116050188,0.4714233495387783,0.2790439791139265,0.4167336289063426,0.5048752857618019,0.7889286074485685,0.6197730058307409,0.5133745894700302,0.6555505963501426,0.6544086093158478,0.2632649413478983,0.6477501542412248,0.5810943950672284,0.6216051627574269,0.5634444487966909,0.4641065600602879,0.5083291610000453,0.6966916270164104,0.4823131735747623,0.5092317977109254,0.6773529101605865,0.3789569518480786,0.544423126421718,0.4600769475224686,0.4009878680494582,0.4736459255035917,0.4190479051847518,0.5279023619987716,0.3757419820593028,0.4949261158597964,0.631749425788852,0.4527702491134159,0.5628457113230717,0.5880777576700681,0.5161277114812669,0.6155005544562547,0.6399515244786084,0.5071312333159306,0.5124314495185801,0.5983031984163697,0.4804365260335442,0.3475293878143612,0.536454732328086,0.8104494652804451,0.4362351420135948,0.4054485311960001,0.7580472280236018,0.6774798007137347,0.4167558565300734,0.3847688566289395,0.3228753974055638,0.3801689200322331,0.4090157427678236,0.4810537214406374,0.6228679214344418,0.4977364321177238,0.4142565838720776,0.4022443633954444,0.5117175115326943,0.3090363801797671,0.4734332091842524,0.3377214025958283,0.4202847130594623,0.5175879360369077,0.718595617217055,0.6738385075884302,0.6767623819149327,0.6940695547426587,0.5443664001769577,0.6354692729046446,0.5790165083450437,0.7348856002393788
3,0.4494454360661781,0.4993582361570183,0.5659864772447394,0.6803124511289451,0.5085310842113627,0.3593487689853324,0.5855197519428873,0.632047906583655,0.5138955591642492,0.341385104022317,0.4754081092819518,0.436768107271816,0.6355402688721231,0.5373100695092388,0.3164620204689223,0.3630051415109781,0.6257587390197368,0.6840602416705793,0.3918983456663861,0.3515509210825351,0.5843966377911828,0.4931765672415789,0.3354689432100778,0.4188505481971818,0.5409377805598676,0.5093755342079266,0.4554879014616402,0.4086534136601285,0.6489937473276698,0.4320972328597667,0.6814394078807336,0.6061340181470224,0.5279126810595938,0.5728610871428321,0.3358213733654155,0.3549302490123361,0.2785545453960212,0.4857286333225113,0.3023903596307795,0.3980564543921476,0.6318230622297366,0.3965644650130061,0.4272986832661589,0.5446885873422546,0.5974342477830993,0.4649678624076183,0.4653891012531113,0.6461156810777894,0.6384274562761317,0.6106107131727969,0.4092944445171804,0.6842497546395317,0.6598089129452994,0.5567536019183094,0.6668790622598412,0.392856398333834,0.5989362985586146,0.5616472328401013,0.33384441954396,0.4803801813955384,0.6035119899403251,0.4401856190063358,0.7364044126353045,0.5515058413322386,0.6464241313233267,0.5731277290332472,0.3760632687789913,0.4486174382703058,0.3693756150032456,0.4805549026150856,0.6287514570735739,0.584925553268418,0.4668114205639979,0.5261340878122792,0.3650909411911829,0.6464100517933454,0.4460084794116434,0.5083408397384889,0.4086901113067624,0.5677677079048575,0.5509611203436097,0.3573752022645764,0.4729766628167901,0.3673358769776685,0.5937600100956505,0.4024425902639564,0.6734319312707306,0.3941800101727031,0.5095392403118802,0.3759581145940475,0.8114572701228367,0.5759849562682029,0.5977359203643163,0.4388597100653804,0.663333891368239,0.6175707891569875,0.6491081436626781,0.6273167947133761,0.3485580507363654,0.3250273542330418,0.7524897606487051,0.5485282322238151,0.3374537554405029,0.6246565830339296,0.6497079083229939,0.5048272247116589,0.4796752265352396,0.5050164509419569,0.4505177884407045,0.3252716575918375,0.4877783107982287,0.3657182194558892,0.6334729551971432,0.4383542741275945,0.5629679355461185,0.5088058417667606,0.3353261998316361,0.4622002321187721,0.5493050157263651,0.5523615468261945,0.3469375859098709,0.5544615134538257,0.6078061522405332,0.5747248538529076,0.6615481059292279,0.7023216630408357,0.6283860981551213,0.4864318374970369,0.7142705710203262
4,0.3346345904206247,0.5194263653793553,0.6499043200466793,0.3609552098586897,0.5222717909621312,0.4353114306555374,0.542857053621286,0.6753015514000117,0.6865135426189011,0.3433271845494826,0.4216041764790148,0.6215259742931313,0.582781145268878,0.5697528818963646,0.2897209450778304,0.363849136822552,0.5712453707160537,0.6158077901957557,0.4336938366130722,0.4451506574316666,0.4793588387182012,0.3732763168969367,0.5722532480208474,0.413747634198448,0.4585847920237926,0.4957745506830784,0.4253998757932811,0.357372357918905,0.4527812402592723,0.4651590139792152,0.680442562200872,0.3656188392927291,0.759438010077134,0.4541681932778221,0.2973738948513639,0.627582534036098,0.2090585316833868,0.4118430450480452,0.2195559911123044,0.4803838805751725,0.5829901689312368,0.6409606667256016,0.4690360350189612,0.6174026624024732,0.3767421008359832,0.4633322764700434,0.5385382892926418,0.5261678781897324,0.4862691131247322,0.4032349516105198,0.4695978469474013,0.6546728928148805,0.7273889941153845,0.6275327373889307,0.4486710363798663,0.2481176145588131,0.5939757005051179,0.2704545342452278,0.3207308322527666,0.5923277287856026,0.76320856880082,0.3258678652783081,0.5795980824091093,0.4418376009055502,0.4762543891925473,0.5140259163134732,0.2545722312573204,0.5434484516463528,0.418632205488511,0.4453871659017088,0.539088849289335,0.5509363015307142,0.764781634270462,0.471447419130803,0.2879045420363584,0.5085185014095046,0.5067747550409114,0.3008658960630636,0.4286566092957586,0.5504634511209762,0.5958084421806186,0.3684596925258088,0.5349675110409018,0.4617463602328183,0.7313317365228413,0.4263569123068961,0.6637155096816466,0.365216671103362,0.5568975052754219,0.3390740140245076,0.7426561945324748,0.7565290477140868,0.6810247086164053,0.4049334311968218,0.3757668919967141,0.4233333444864588,0.5598725449588359,0.5697095485260043,0.464222537933451,0.3538552496618066,0.6011729201894733,0.5096677623958935,0.3687102169005567,0.5642830071953758,0.4002878406772958,0.4639259367582901,0.5003737091155745,0.5367927254719969,0.5043204462991446,0.4241735876318204,0.6319846852986883,0.2832565048545226,0.6857954617403083,0.4343829641767328,0.6043853641492111,0.3812544334583919,0.4272118750156935,0.3760418114520933,0.5406527929398951,0.5267656936706729,0.3615106934208996,0.3700041389331661,0.4205819089638252,0.4788226775545838,0.4004296552907405,0.7147977633471864,0.5675266337474363,0.4064979244450477,0.6573485973180534
5,0.7129213242041365,0.6391088599629587,0.5201000337614069,0.527738082133082,0.456738348310576,0.3986242733681464,0.3220258455180932,0.2687032917466554,0.5479288853252626,0.5774516710854342,0.6971774351583933,0.5446039951818776,0.5015970699338924,0.6090651998008686,0.5344493325077483,0.325286263614058,0.5231527506376423,0.6632091368126227,0.4169272819720164,0.4228020698114902,0.4541128667557604,0.6258231122499195,0.1815906077402022,0.5009756747224983,0.7697020000427379,0.4714815925224879,0.4397064460362567,0.6146705910301513,0.5634834885471799,0.5633926356099375,0.5595406803620987,0.6651763276495032,0.3415476256187289,0.3978786435252366,0.559760450391775,0.3831215856473476,0.5595447706199538,0.686858843729909,0.5542572950056345,0.4158089687162754,0.7533252401004057,0.4566534505560378,0.4843940739535455,0.4693807917353854,0.8891614068280714,0.3373744783485063,0.3869375390257667,0.6642565888026287,0.8497859384272912,0.7900886071639256,0.4031948326824466,0.5750116099252155,0.751571332896408,0.3507274094389584,0.4416236421146518,0.7529971164162922,0.5460661025617786,0.7296215999102577,0.512960397509104,0.2199722814354049,0.292155598547245,0.6116109444455552,0.7702696840185986,0.6965809687083241,0.6346415969264909,0.6778976376230136,0.67438682142143,0.1724316246346936,0.5621341800905235,0.653634381911624,0.6780655155477415,0.5339074442065063,0.4927042974656206,0.409713461339441,0.8458915863975109,0.4685872897291536,0.5347491945964237,0.5811920442636037,0.5191181588635153,0.5994283099519625,0.4478039550344049,0.4896012852146819,0.3480361005464478,0.3197581786161204,0.3964188074382566,0.4422021859159024,0.4737597396302467,0.7150989678659077,0.4460694831881457,0.7623821705142473,0.5641304228642204,0.4975088471864214,0.5580684007208057,0.2846996139383005,0.3960656398775674,0.4777742854859055,0.6800242980912795,0.4490882120753909,0.3478861598196634,0.4991734741215394,0.6828844658129966,0.4257244293469871,0.5225639125797753,0.7011051371840834,0.6674364998890571,0.3540614177933895,0.602623083018175,0.3467041347336836,0.378340082740989,0.3330811512757967,0.3970657195147957,0.7536275185559004,0.5358740204475919,0.5151754287426679,0.2882329353507494,0.4024748721168592,0.2440198243614876,0.4594683258918537,0.2374391569725759,0.5206445435259113,0.4998669907192152,0.7120793973503687,0.765743551201786,0.7252045842561166,0.7682272832754057,0.62438035606527,0.6871483241316,0.7990635154781268,0.7915141580410737
6,0.4662705140609882,0.4420051819504574,0.5500873312059348,0.5892503372586086,0.5445731612292032,0.365051519834167,0.5061919155209728,0.5126940428172838,0.5563523004292298,0.4117844100876245,0.5336349783510348,0.4235283523921947,0.561687203142882,0.4331643504012127,0.3723058976799679,0.3206604554332085,0.6198310084904958,0.6959016306713032,0.3202333078091952,0.3446229264863814,0.6009616636476974,0.4985783220974249,0.3404128999209067,0.5044091453406246,0.7081539475855166,0.4598285000108053,0.3788972912280495,0.4606403828843437,0.5723171194179216,0.531658538594023,0.6643929484132768,0.541589116428974,0.5937222380046333,0.4949573962596016,0.3423602736798209,0.4322417750777207,0.3279650942380711,0.4959886071270952,0.4060071698775902,0.3726801878493768,0.7607424710930947,0.4207218764874111,0.3507973846204375,0.5565075508109963,0.7301920942254897,0.3546621393971732,0.3984797112603032,0.6275154102408055,0.7132023040832577,0.5926713709651238,0.4091042974805797,0.7554153439311534,0.7339625554708786,0.6000241357709426,0.4176410279330041,0.5083931254958522,0.745037826332521,0.688920814197285,0.3928283290273395,0.3766493406171918,0.5698902766472232,0.4154634362749072,0.83027097812528,0.5969061844989342,0.6436641376101674,0.5762892143007007,0.4509257187987258,0.2840708519576813,0.3709999400536206,0.4492136471874299,0.6423170005266042,0.5653399738992261,0.4793836234998713,0.3373703137175727,0.6938947563428862,0.5449176073085807,0.4583493257472537,0.3933865208672351,0.441845230427883,0.6164842671108942,0.5735989486194027,0.4904834142428517,0.4316657962187153,0.3893199828293521,0.5328239297283357,0.4306452116166657,0.6275956728045393,0.4044553452202013,0.5025277137788198,0.5829035285617984,0.7060117236381079,0.5811998279414833,0.6188243425911871,0.4537055895494722,0.4666831560937834,0.4552197605537427,0.5828356890328009,0.5535126643329138,0.4063315354475771,0.3861157266050747,0.7643360877309542,0.5290807817225083,0.4265216059748016,0.5711348097270006,0.7056953569486781,0.4523597319428457,0.4987490231696512,0.4049126935960161,0.5492562224515737,0.3796652440770831,0.501595605820485,0.4297538160286309,0.6187332922855476,0.3439005039906155,0.3052996847510569,0.3334756152288855,0.2854340275231213,0.3613274746610982,0.4545522071547616,0.5308108313798731,0.3469947265042736,0.5743902725727688,0.6040200363114491,0.5595663447160554,0.5521038727381681,0.7669615426647055,0.7390189941498725,0.6963215162167323,0.7622240564798718
7,0.416464186779592,0.5232524574786653,0.582936259268536,0.4909547166612888,0.58398456290601,0.4013617445745978,0.5648340857960973,0.6328973302969362,0.5635253427050491,0.4036517024833039,0.511230591801818,0.4563309631313634,0.6455635346640421,0.5714051934765155,0.3091024063414693,0.3502826809016126,0.537214251091819,0.6875203153898869,0.3888532119174639,0.3837824763856197,0.5716667308065077,0.4848609164921151,0.4564867805659116,0.4871358742533822,0.5725698320249155,0.4821600490991593,0.4073986452057521,0.4774768395970432,0.5852065461512083,0.492243789223784,0.659815350600153,0.4741631314826913,0.6286681716518415,0.459113165481687,0.3149444987223489,0.4853347141960801,0.2479922768905944,0.4422922100124056,0.319713957595737,0.4322148452200038,0.6965330295522825,0.5099599725839037,0.4367199954867071,0.5403613548599182,0.5520333975718308,0.3239700039547179,0.4644115883199403,0.5515153568561048,0.6185656564086776,0.5786561158055169,0.4299071585719743,0.7002999816927987,0.788833566326705,0.5556822616230581,0.4619948494240085,0.3966802156070835,0.6734842356864834,0.4661740759663128,0.3970836203671169,0.5287558197725374,0.6698947071162834,0.4195630607369069,0.7206014998193743,0.5280493138535147,0.5450643509573605,0.5776748544388954,0.3311999259624877,0.4777240770457313,0.4370394650622284,0.4565881426539809,0.6096188155284575,0.5135491176186245,0.6168305114932376,0.4373627754918379,0.4390718613147757,0.5790291008663879,0.4813568016549847,0.3763881117852974,0.4672118559593819,0.6423525061187892,0.5405148783641031,0.3529725169521025,0.4483832817500728,0.4481562262080784,0.6345244618649108,0.4631962774449198,0.6182516565901314,0.3936321500651629,0.5138727773905919,0.4623677881197603,0.7295042454215762,0.6453746551089368,0.6580133343553297,0.3956706444071165,0.4646255190716212,0.5206535322473814,0.5887173904205097,0.5007675922359291,0.4793987185926087,0.3689591587388723,0.6903471094202974,0.5625427210887465,0.3974118021341969,0.5697224984123453,0.5687283955577201,0.4349323197111613,0.5051675898064106,0.5049828747808346,0.5183825237977665,0.4047870499886004,0.5337675827463467,0.3916428211190039,0.7052460525367872,0.3982691895813748,0.4402028589592937,0.4261453975550533,0.3776607814996597,0.3098564278935374,0.5313789525805025,0.4983474524794105,0.356500486388557,0.4696653430136561,0.5557136700578048,0.5871298359319782,0.5316491594173093,0.7384846066539845,0.6307498264505963,0.5266372670261718,0.731534918727632
8,0.4828171550503233,0.4917792800178902,0.5539672007056436,0.582102717002353,0.5688802267722234,0.3483477744528678,0.5160938633392809,0.516673252966463,0.518341780959409,0.4024373577856963,0.5337822514438977,0.4025294784100694,0.6063387988012118,0.4153449059329059,0.3201565569542979,0.3031005213500888,0.5924319515307687,0.6925437148381745,0.3303078167743848,0.3267182889941083,0.5555751532678065,0.508084338025733,0.3768048726484824,0.4774297154678815,0.6735733793821029,0.4457308038444101,0.3842748795006399,0.447621852112845,0.6017901711148251,0.531370083415426,0.6579555799295725,0.552823783636443,0.5706095586248703,0.4968619910292327,0.3314650631278535,0.4249790792718999,0.3106387403626262,0.4740391750728192,0.393748778101975,0.3839481436441689,0.7697552608422688,0.4394091495208763,0.3449352865260989,0.5523710055578505,0.7225372357437299,0.3385070738764725,0.3759795546992135,0.5842616765978967,0.6850422767359429,0.641027058988518,0.3842673393512794,0.7541820784147012,0.7596661925879181,0.601736356724495,0.4200858603782429,0.5162548216802892,0.7691325829005474,0.6798716530307075,0.4157571090805876,0.3980000596638973,0.5949424057879169,0.4376165622055444,0.8234273416531533,0.6180156194723946,0.6518452663147142,0.5745226809063438,0.4807099270174357,0.3014201114040917,0.3945630879449722,0.4829631539980386,0.6369283394473453,0.5210591875793628,0.4850577688909925,0.3491298027136406,0.6464684467081944,0.5959720359640287,0.4376858156522383,0.4046694056314372,0.397211143683811,0.647856572058975,0.5456898645833731,0.4245546666952633,0.4277465917795611,0.3754423400411935,0.5469425473231211,0.4270981720658945,0.6350573035402282,0.3658997944537318,0.4780749085222208,0.5346808659125686,0.7133470739484977,0.5962552752316801,0.6197680548067833,0.462926477821384,0.5054645152004665,0.4474153216999161,0.5928570653397415,0.5535113720550359,0.4174688822786235,0.3800200550197544,0.7728750941789005,0.5318709059617622,0.4007078348612499,0.5634924716922891,0.698627283730891,0.4682396496583803,0.4611808426273347,0.400957898193891,0.5323504780492622,0.3544361443809528,0.4995556619635519,0.3820823842721872,0.6468329394382644,0.3409728227436674,0.3560669310124312,0.3473855336503093,0.2885702902053391,0.3461266113336274,0.4963457148198389,0.5201794290135288,0.3735433343214994,0.5940105266013441,0.5841843102121625,0.5328663582607261,0.5715387047640609,0.7557489000335682,0.7344579453140776,0.6521248972810942,0.7720404697342816
9,0.426140993821049,0.4902548107204955,0.5127412188665674,0.4603001877767022,0.5997409032051793,0.3930959882781024,0.546317661157977,0.5489655421182881,0.5679669732354307,0.4575813120426844,0.4477846308710956,0.3932283609231315,0.6575967634462702,0.5684978170403695,0.2899537906015974,0.3541721237765802,0.5080966108510899,0.6263821918310585,0.3771977280289044,0.2762590065425209,0.4685441480560117,0.4767405774638059,0.4743200120342349,0.4628033184746473,0.6542767850623307,0.4894604307247771,0.4680013626670311,0.4492284330257414,0.5128669334273771,0.5415033498411211,0.6006546339726175,0.4291875199237671,0.6373555101658785,0.4868884446744468,0.2901465148300539,0.5459486362789812,0.2827174379821142,0.4326996455134475,0.3552731489308414,0.3918961857535418,0.6989480166339082,0.4957678252017157,0.4436438763303652,0.5183724329353252,0.5278604338617939,0.3153751963019071,0.5282073908719607,0.5324194800890337,0.6874900363693341,0.455912165903167,0.455397133120176,0.6408642249480935,0.8026178699049273,0.5100846432286515,0.5453275363349411,0.3794391380287085,0.6937634828095144,0.4626590003990813,0.414884930228355,0.5009281511848013,0.6986820803280445,0.3334817268431817,0.6826286384408419,0.5844110354267277,0.4884707328676586,0.5803385223556466,0.3958381970331446,0.3828830296070539,0.4705806825231091,0.4406396995427509,0.6147011619947712,0.4513293317284435,0.5987862549155867,0.4715153786728723,0.4373330860187658,0.5227032956792207,0.4568164516279844,0.4502366834184463,0.2774571224339539,0.6423420855276852,0.5521388368087752,0.4143242443948099,0.4370081966098527,0.4371327863745757,0.570534867155532,0.3783801389126793,0.4738450653261662,0.3939720891883757,0.4048848520759118,0.3698313206895836,0.6819461285259097,0.6807425660231904,0.6248347008553851,0.4936238675099491,0.4336645689272947,0.552447413221262,0.5465393176699408,0.5073803074642936,0.4925931873839202,0.2976641657801363,0.6476126315619193,0.5277385993127574,0.3705049231527861,0.5957213745881452,0.5228359731038101,0.44456630224459,0.5313736944573759,0.4738878908702225,0.480216646186118,0.3750065978635248,0.4180058146498891,0.3481068825561264,0.652931784644866,0.4018650002724748,0.5168350033808812,0.4375208868541878,0.366025518841636,0.3213502905635412,0.5296180390315431,0.4815055808149852,0.2930988569593913,0.4458088118637613,0.5996452786604501,0.6594680392710015,0.5416609753417921,0.7114792699163445,0.6420539136535244,0.494130359235928,0.7651708451991958
10,0.3423914868071503,0.5359181069297728,0.5734344912184959,0.3674317948021259,0.5852728001317414,0.4629775382481594,0.552169059806305,0.6719275787003144,0.6491313823563688,0.3830025571726279,0.5014745537115569,0.5050376907302138,0.6673990734478102,0.5828422471234791,0.3038178033324726,0.3982895662129473,0.5844037134024646,0.6143519684927298,0.3798952718837099,0.4380181027917145,0.4941356627874781,0.4423766376530625,0.5756536766176475,0.4161685812672949,0.5886385395555079,0.5262695721771774,0.379727907815335,0.4974180844751547,0.4756916093636302,0.5318705122445756,0.7063903086394706,0.3730276383409226,0.7606961209155124,0.4047669165978625,0.3205789672060763,0.5857372095175689,0.234795760971249,0.4825916837517908,0.2900032573861324,0.4234935348984168,0.667767410836792,0.6149667972359425,0.4699294778470178,0.5576259370939635,0.4501007878099008,0.3415730823883848,0.5208278964540154,0.5476541177094201,0.5789817034943111,0.5029131692928736,0.4210311573038299,0.686066360536738,0.7785356927340493,0.703893739363374,0.4259693430404542,0.3359985999894286,0.6596280855571396,0.3164640809115531,0.3545708560672753,0.618476445579141,0.7297977263065091,0.3183251410618105,0.6260610418712728,0.4883204846421713,0.5025859098669326,0.5362731376135196,0.3132125490825344,0.4782638771729107,0.4422328035713613,0.5193944134219364,0.5673821686322807,0.4991132894564178,0.7334544163342375,0.4148619375089017,0.3245887860611455,0.5360501393171034,0.5569493110914195,0.3388443221759732,0.3941275093776725,0.6147898978902093,0.5624269468494675,0.3966655956355183,0.5517444337245311,0.4666581456797458,0.6747122175226624,0.4439838688719498,0.5886897227856682,0.3581168195638313,0.563033816025522,0.4650817722241302,0.7276166562901626,0.7382826410345685,0.6997238473932835,0.3931947553284241,0.3797597492379329,0.4778097448734437,0.5468689656961123,0.6429694005060927,0.4797582110004741,0.36081405412165,0.6319729549879846,0.5495778823852248,0.4355654678648488,0.5493488127738745,0.5024097812948921,0.4407714394093298,0.5164984350369163,0.5663117489275501,0.5422021893925558,0.4382240527341183,0.5906351924679246,0.323307303023565,0.7178631257142034,0.3980613144806884,0.5249086338392529,0.3756200736825482,0.3674662989729437,0.3414861626185781,0.5544966913362551,0.5254449810568599,0.3179089819872805,0.39343610846075,0.4729881921981881,0.5076888585089594,0.4078879655577362,0.7153021716136903,0.5672748330362297,0.4225915552470365,0.7652609817111126
11,0.4319233734247138,0.3854914768114715,0.5670672884327588,0.6816561647657492,0.5860208363648273,0.3225056028172674,0.5917673749709471,0.5940621992132734,0.5308194560988023,0.3448780738229502,0.5170258359469426,0.3884375868616731,0.6173839932163733,0.3328001356304755,0.3265432974670885,0.3400556873784409,0.6079122677472041,0.7053476331346148,0.3619929067056402,0.2788767502119311,0.5055489075781384,0.4586222554775072,0.3803447119538554,0.4485315210032202,0.5718001489776025,0.4387442225773286,0.4126946669589517,0.3759782230550212,0.7589465209268637,0.4966736124803294,0.6670314898797766,0.6266546224118544,0.5477589262063559,0.4291511544674694,0.3296854170666601,0.3736268270878832,0.2751014840347733,0.5384924675402408,0.3607899847455016,0.3945508290159998,0.7620813317325,0.4165678793942933,0.3665863488876731,0.6460192393483162,0.7639090652652735,0.4188746636014736,0.3887032809465142,0.5868689227252621,0.6453448294978043,0.662492211958542,0.3967185439810852,0.7998219072520946,0.6914603304713397,0.5495216303574371,0.5196848724051181,0.4635194112949339,0.7957568455691283,0.6805237061080324,0.3630137305086007,0.3553458085807723,0.6117165833209889,0.4385089038414396,0.8391174685115441,0.5727141620459523,0.7099738188459258,0.5816063750819974,0.4200752452609342,0.2367031372946815,0.366997390432034,0.4011268879067413,0.6175649211016008,0.5472958517503741,0.4280299078339993,0.4118811548306536,0.5836518587249648,0.6906732247672448,0.4768607501321606,0.4110568761077406,0.4361663723417849,0.6404012441326333,0.598047392001163,0.3668488661327483,0.3992027031492822,0.367989165888309,0.522746230774015,0.4546038177275485,0.7387824655767105,0.364667735564314,0.5027121430174507,0.3842111849099222,0.7792468369976233,0.5643530686110094,0.5941421363399296,0.64500540164338,0.6441783478948934,0.4866491328914411,0.6319069227006343,0.6095270138581811,0.3339539575381464,0.4369885997929613,0.8053859198097549,0.5934837468153377,0.4038355503823871,0.5980242139510953,0.7429532276136945,0.5519049427771647,0.4478389687843838,0.4039087542100073,0.5091144877559023,0.3288818117302431,0.5725764565371515,0.443233580982687,0.6048418974845824,0.3712485582731326,0.405313671589719,0.4268810519082541,0.3305631556125198,0.4098065393637911,0.5593120328571499,0.6485069462003239,0.3498937983982563,0.6468706101189722,0.5404961308573412,0.5212381735211765,0.637264685961781,0.7203221209686549,0.809723035850093,0.6512525670531074,0.6654486038183086
12,0.3537242434948008,0.4508638387539929,0.5932442678199001,0.3023015517792657,0.5877618679450132,0.4497602701708834,0.4882030731310696,0.6579502655954599,0.5917673484936761,0.4203309204499979,0.5290593536896211,0.529299242675091,0.6217624493155559,0.5851496110853888,0.2668861175089947,0.4306668598333186,0.5300431975683171,0.613789988625806,0.3615179044956065,0.4677238477679814,0.4414432745485539,0.41362029096093,0.6665555265686945,0.4937960523774418,0.547821520372184,0.4983048702106648,0.4412320635472211,0.3931313422386384,0.457421327349343,0.5400322595858529,0.7016610045491856,0.3046001705842548,0.8097476760047804,0.3470142046173062,0.3006184600201798,0.6867767122663889,0.2333250739071675,0.5159714812959808,0.2644036815480245,0.3749269316959004,0.665472732727392,0.6433555804312032,0.387910744945354,0.5323820835623762,0.4433771392761434,0.3263573577121959,0.5384788273524959,0.5398648021681947,0.4990262185844721,0.33772130125082,0.4797519731537221,0.6449032367546882,0.7975118027647774,0.6721717631462373,0.3886070127666432,0.2496133691695169,0.5920204874339924,0.2660751193644545,0.4122298157007875,0.6198321957844364,0.6797346943549297,0.3435281106035144,0.5879081616276939,0.4557772845875485,0.4000176598049816,0.5533254125724422,0.2917195701122744,0.422990497999813,0.4241138864573995,0.4209499873951558,0.5019548015203124,0.5070969418191028,0.7900332114873708,0.4073874151252601,0.4210846652902743,0.5100490655924266,0.5793309064199362,0.2708995191178075,0.4408644950179335,0.6539864284674947,0.5776855738818881,0.3732542828471515,0.4743719313943992,0.4664543986650343,0.6751089061563228,0.4635167433190077,0.6045780911991993,0.3798265813394084,0.4815063600035399,0.4141561487198621,0.7069660147376141,0.7324669284656086,0.6345687121238427,0.3545166447958505,0.3785703169258596,0.4134245648507145,0.5238882764703657,0.5777653970298522,0.4995034634732531,0.3447152137849736,0.5746161601626417,0.5079789700620889,0.4265064242851071,0.5221461677410559,0.4027573877273175,0.4624992517147164,0.5296000730873555,0.5714090833585636,0.6008863360184192,0.438513517274723,0.5856570737062474,0.3168165280425986,0.7567907387344114,0.4784941310558193,0.5569536647154387,0.3087784591179655,0.3511973160473396,0.3518074688866727,0.5583308535523305,0.5244881945576814,0.3543171951954448,0.3686383952624252,0.4483853970459933,0.4662426334762024,0.3725209703897932,0.6852344106466065,0.5396118619593261,0.390983771797202,0.6631692395310117
13,0.4987467621131203,0.4582364046436428,0.5906809237942557,0.6929665743127152,0.593326383383914,0.2689943537113756,0.6061937538816845,0.585584786890281,0.5622142072776518,0.3960175837519995,0.6034912113444154,0.4703595183614774,0.6089574385748507,0.331635213060043,0.3392062116060367,0.3130713962015636,0.6380797851466343,0.7146672699121067,0.3714381745758612,0.3043016619043856,0.4934161673686754,0.4662359236659863,0.3340310337302034,0.4740172820154513,0.5643010144991726,0.4066286479999119,0.4249596969776561,0.4230737679027368,0.7746552685428535,0.4318051270295251,0.6418514317211865,0.672741922135382,0.5562861262309966,0.3482224424735091,0.3485636010276323,0.320893991230178,0.2984938359685485,0.5805975634440834,0.4043373527383324,0.3962590828984156,0.8047704117877849,0.4048209575786421,0.3554948408200351,0.6654870903262727,0.820263724375502,0.3665207785436304,0.358606685408317,0.6384393951303491,0.6738281338964182,0.6684377944876246,0.3584649581718009,0.7781154995606433,0.7422440921736727,0.5461587498687598,0.5069885353709922,0.5061417740489021,0.8400746103830161,0.7106885006555741,0.3795225825767823,0.3070657873393807,0.5746257511857699,0.448910692299803,0.8764835676857529,0.6009166223701224,0.7220919990360947,0.5792469376067725,0.4845337139900702,0.1869460643291287,0.4378973999012307,0.4721115108432696,0.6716625175776371,0.573932985797495,0.3954257692052758,0.4452155402805191,0.7038185295051536,0.6977805987930724,0.4552582032210925,0.4090627206978188,0.4181760106387733,0.6284273487580107,0.6067178812301514,0.3555429764475505,0.4262186085133816,0.3583013910523665,0.4867152599343149,0.4822597439413934,0.7061209875031581,0.4183352603697452,0.4752260463585829,0.4522711972556494,0.7674668937340532,0.5498923876935646,0.6054209507143758,0.7199787922638906,0.6210184138708584,0.4606976910570326,0.6349445660936576,0.5381062319708748,0.3612143945678732,0.462303090521397,0.8521888490943823,0.5713974340304095,0.4129292841518665,0.6424151988705705,0.7580833676966975,0.5181083873289613,0.4490530458892661,0.3248340402347466,0.4804035704062885,0.3509038314470263,0.5485490038085789,0.4822013392311658,0.5921466148799647,0.2692185918875838,0.3553319697664632,0.4370447210520056,0.2905934468763765,0.3564498831467199,0.5249012716340345,0.6318423490692037,0.3687740431470643,0.6502302604427607,0.5998020034643148,0.5490602296957933,0.6226865494710109,0.7335158280090308,0.8445222351139311,0.6821446391937923,0.6824687176324168
14,0.446327274448164,0.4782863905718789,0.5331363095481018,0.5830199405778884,0.5806105662001523,0.3368373268408798,0.5145122046986123,0.5164840194454928,0.5619221572500822,0.4208998452962136,0.5155713579256432,0.3276691151242583,0.6523586663853849,0.4120210517258756,0.3377813506047198,0.3445488037055679,0.5776741828961723,0.6907118565459659,0.3418264791009561,0.3451722648022817,0.5430214344409917,0.4768275628519194,0.355413994445003,0.4451032765001915,0.6130565505435327,0.4792206299586365,0.4019734592389416,0.5173757138966933,0.6311394074235438,0.4986584574699996,0.6653003901802244,0.5534469905006268,0.5389250807064677,0.4615927189613295,0.3138090994682395,0.3796098428820167,0.2875488712549396,0.4474910362229929,0.4147450498201848,0.3886296222332812,0.74973381994565,0.4672730465721712,0.3809126252850506,0.5508482682151506,0.7133164772569497,0.3581982850886064,0.3849672996527509,0.6025958884193602,0.7027483702015455,0.6798337859953402,0.3861052211217965,0.7483763143437138,0.7456561767851837,0.5606812957261834,0.4189409206156171,0.4883526393908449,0.7462034298302119,0.6569159900421232,0.3844183921161946,0.3525223526607742,0.5844661816770832,0.4284951364157309,0.8227264857287264,0.5883875405503435,0.6600082170504411,0.5889387596214842,0.4474773737022982,0.3169080057049069,0.3618997421967398,0.4597681194581156,0.6312864744836346,0.5234179712885788,0.4775341352110349,0.343628582298547,0.5844877089731265,0.6177640477262727,0.4412223228948832,0.4409687371531196,0.3907815157431267,0.6230661688698748,0.5535691098374801,0.362015565295704,0.4553542103679928,0.412901165551775,0.488785656243418,0.4137939103328389,0.6176178732384626,0.3701706679990004,0.4343860870533233,0.4988056578636284,0.7069029903923555,0.5698597506026527,0.6056967334426864,0.4449619510626423,0.4899491176936797,0.5023939866116974,0.5914710191895315,0.5582975587157729,0.4165498136745699,0.4055113059065702,0.8040895174043831,0.5254060631961631,0.4053733296488226,0.599185746375223,0.6991221287723826,0.443121580441905,0.4575098808350217,0.3745835397546773,0.5282842174985205,0.3552343166713286,0.4901804571532245,0.3939994550181026,0.5845070663615143,0.2861568624350332,0.368618030783628,0.3959841180511543,0.2940111107386533,0.3940669791870487,0.4609651162899295,0.5387205047439829,0.3655494838117023,0.6203333209594691,0.5499357829062542,0.5593413628581051,0.5888685684565513,0.7395850488612887,0.7457412870948891,0.6458605426514475,0.7711857087242123
15,0.4493536373918848,0.3876210628058055,0.5255166134878523,0.6158605022029195,0.4454319005540412,0.4316366664646581,0.5040752682064339,0.4976485991570578,0.5121148026435857,0.4787134560322998,0.5747044013212994,0.5821629132717909,0.4786362213069954,0.521894214645983,0.4685593674152473,0.3632808042976225,0.6458027830574203,0.7032306474845744,0.3541831157412238,0.3598304768830692,0.5305963621917892,0.5258899366738513,0.3204386129981644,0.4602557279684374,0.6328564093668382,0.4112420555587253,0.4697676441335474,0.5210156991935354,0.591417101892567,0.5694076034618285,0.5940551451441375,0.6170349047712073,0.5465896179542927,0.4268600245373009,0.4021298268010336,0.5251920969886142,0.4185303365977986,0.6649272488433998,0.4840704919066187,0.4414653396563316,0.7262799810397317,0.3666780568250928,0.3861666679957087,0.6136370595083299,0.7785418077861203,0.3722431036070852,0.3772077165910699,0.5975015798900011,0.705924096674854,0.5914629726438535,0.4699349209555066,0.7982157668298395,0.670718709838802,0.4965062229819673,0.4217088619462063,0.656082884599238,0.6803062635244003,0.7173473292062088,0.3781066140812202,0.3838023445080464,0.5026576555892087,0.4714456874917836,0.812412657901949,0.6062496709107853,0.6481559762510086,0.4717077541264041,0.5097826087104712,0.1758918601084709,0.5690244105263406,0.4617932991982942,0.6251559970460364,0.516918474625129,0.4518294661847332,0.3819424587855649,0.7322393334036342,0.4539355096970927,0.5503489357716752,0.3638244422847165,0.4676650650608963,0.5686591337909611,0.544058893764923,0.6304509903378043,0.4026994153026695,0.3822448860807977,0.5132319855804107,0.4431906913585948,0.6048871227188283,0.5190805348251621,0.5819706799899302,0.6637543311719326,0.698135566373681,0.5685499211499482,0.5969342729605659,0.4658733307545264,0.3795599487016197,0.4059556804159248,0.5562358928470407,0.5242109867193862,0.376855395375449,0.4908711253571642,0.6672306399068982,0.4253891126642211,0.4687311130924281,0.571735918064525,0.7466245961656987,0.6020720618267377,0.4985256754454193,0.4948125344530736,0.5091608158827664,0.4091750287900094,0.5817625171285762,0.5404758909499378,0.6230609510715271,0.4591067843428464,0.3111606482905049,0.3920877126266275,0.3736785766564638,0.4195664440955351,0.3544534088536346,0.5747358530054331,0.4333165355300297,0.6542724022752419,0.6844941023331504,0.5973746374646054,0.5166985351219339,0.7391594049753575,0.7579552611229409,0.7955557517718161,0.7052559807231882
16,0.3674361673361025,0.466661043419261,0.5195345294069335,0.5629717455555566,0.5742079871269693,0.4004313873108747,0.511356435389054,0.6534001088574805,0.5638163449508454,0.4225421463676966,0.5276299295837191,0.4878957824248882,0.6922050754569783,0.6256623076815052,0.2964000216659574,0.3375064165163517,0.6008544421251826,0.6651767986221958,0.3723268818468078,0.4372515972712563,0.6665147722779999,0.5918753491422071,0.4263310080847891,0.5972078340895798,0.5523986440801545,0.5881972215201577,0.5218215551921387,0.422813303576754,0.5703247430004913,0.4688764660325852,0.6691610617980669,0.5019563614461522,0.6037688166511804,0.5356169655490095,0.3966145061919661,0.4640622634843205,0.353199072609104,0.4623468772603737,0.298034082771317,0.4265439935519361,0.6416448367209728,0.5338391107609554,0.4498152812096194,0.5551401105241401,0.4733543479849698,0.379687957391359,0.5279139553928783,0.6361070315677348,0.602567909760777,0.4375550064850053,0.4437620253343889,0.64474529576158,0.6830207441937449,0.5764858342888372,0.7142562819221142,0.3160453176860273,0.6241753375280928,0.5307610647512471,0.4708694084202544,0.4847678190594445,0.5657338535457727,0.4380380164226993,0.7551897840370083,0.4609370178124565,0.5977052285091465,0.6350911109870583,0.3884914664352783,0.6291699824375169,0.3926104098362735,0.4562755448915494,0.5605584062995171,0.5315584573562037,0.5518149518642347,0.5142661672715043,0.5077433226335079,0.542566169448763,0.4641049374817809,0.462040572744143,0.4560313554296513,0.6277972123076866,0.565566433228145,0.341277668383935,0.4538393227991202,0.426247988015403,0.6030117008863497,0.4179220505757577,0.6891235065192974,0.4545641598411519,0.4960483607963835,0.4143379190449747,0.7688014700851614,0.6102801537612913,0.6568321202503606,0.4568540555380989,0.6765895446242917,0.686884877395002,0.6462737610581151,0.5688604872145836,0.4871986213212403,0.3404338679438572,0.6694339045165041,0.632095551730962,0.3886480589159846,0.5549137006041945,0.5791257276792793,0.4798000088528271,0.5768779792783089,0.5221838424195661,0.528093901267468,0.3354579979844322,0.4298436640187337,0.4101581477383225,0.6332209877320761,0.4412574830998222,0.5079739465718595,0.4896550040949958,0.3351671258880711,0.3306381270965684,0.5434178955282788,0.4781543727826121,0.4175935756032671,0.4825815718157197,0.6376795392297853,0.5047496949360947,0.6694651076682492,0.7298255774889412,0.5747930375577263,0.4008322754524108,0.7268755471225026
17,0.3651237105687097,0.4049275018532661,0.5331023291810296,0.6065031468382458,0.6651840968773016,0.3251272235005342,0.594093514286324,0.5697779374423078,0.442587036326654,0.3878660224796402,0.556166823419698,0.3376060698630376,0.7544674481201379,0.5000974892330871,0.353667307291882,0.3567581002050863,0.5299192540888616,0.7134111077301428,0.4045610828135881,0.3461154698324749,0.6721173074386667,0.6165728871234987,0.4773791574307426,0.5654416909448626,0.5537515974738318,0.5087417407083846,0.5584982398735544,0.3906440409601894,0.7083951166321464,0.5318251789024678,0.6934754271198019,0.5150081839270506,0.5097207967735184,0.3778831960498709,0.3184169658546377,0.3248854934454095,0.2805811462442571,0.4911815468969566,0.3723384052768304,0.3307260007678583,0.7735376784023886,0.3518870772296029,0.3576849906787803,0.6638926412108761,0.658716065230656,0.3248501087556542,0.5273334546381808,0.6507338611401424,0.6610813413109623,0.5758498642908685,0.4186974264538938,0.7599501664571425,0.6980442937045175,0.5527756967154008,0.6196323051364999,0.3800013882963154,0.7044467247930335,0.5546257129599504,0.4769931950836452,0.4092882578968124,0.5878007693980477,0.4864685680021607,0.8154022183028777,0.5577926861012825,0.6314275594101569,0.6283140646456614,0.3439230211849022,0.3449038515874736,0.3375516333080632,0.4517527731799401,0.6115946686175534,0.4889936516839421,0.4347872297399881,0.413507102194446,0.5401454029546994,0.7122494031322179,0.366052496698698,0.4796009483088627,0.4411765446323553,0.7677267292649906,0.5883018152447398,0.3569297709991477,0.3390807426058635,0.3661289866551924,0.397871324633023,0.5294847533179592,0.7175649915838109,0.4761902057998901,0.4165190031439377,0.3332502980834196,0.8136706679358094,0.4908475535577032,0.5210823671831838,0.4833593457272916,0.7098451392162782,0.6490578562841104,0.6060916729825016,0.535909488209148,0.5132966004110219,0.3531991928554666,0.7462336487596725,0.6833929640065411,0.4063996482665028,0.5305563665500196,0.7068322928917602,0.4940129205294625,0.5553725841693452,0.4580257218484582,0.5279668814867134,0.3260015242446121,0.4992386230528671,0.5065066097488722,0.6433675960480031,0.2717125727139215,0.5160739393216273,0.4636967851384272,0.3112422027070732,0.3636943498483052,0.5540267622189434,0.6120047684202504,0.3175044537265791,0.5553775217946502,0.5443813612126333,0.4740685890894177,0.6700772194764918,0.7670175254048653,0.7477628913935156,0.5366179622528972,0.6663121240362542
18,0.4674232718316043,0.4153546859671616,0.6176248517101501,0.5887721132935644,0.5598908889981138,0.2586875204153235,0.5834636443905927,0.4677048563425953,0.4907356766000179,0.4033354346495074,0.7009133089127139,0.4271879306113526,0.6603082886486796,0.3604785959498012,0.340837329976722,0.3197616356605054,0.4925966152011196,0.6634897412111247,0.408581170323576,0.3147090039096719,0.5094569163923748,0.5139079476760648,0.4260882014807,0.4541856664126592,0.5636128503347084,0.5064287240166339,0.4801892438069561,0.5032185285278855,0.741639717319128,0.4897193506049463,0.6732186820934245,0.6195408392591953,0.5073763320186887,0.4648723971386346,0.2699538563199297,0.3601866737987801,0.2574248024624386,0.4496036114657303,0.3686589948697248,0.297030744946168,0.6585224782059901,0.4688857641824382,0.3799722996601334,0.5689679947113173,0.6890781791120736,0.4136337179216325,0.4594240652235248,0.552904117110963,0.5752260454735549,0.6913408072227969,0.3064447109411387,0.6821526680425622,0.7137554672811001,0.5010130143133134,0.5495525516628805,0.4704402590975635,0.7390504950785686,0.5417485035009041,0.4453743304867184,0.3732916474363009,0.6484053833549153,0.5596927760864394,0.7702878997384057,0.5227744128606089,0.6003378203906076,0.5703519463254262,0.4106223222217338,0.2537067728322219,0.4052787872320976,0.4924107280480554,0.5085972792904581,0.4290262353345944,0.4568429430650976,0.4738736810179698,0.5096615091247654,0.6422928477770544,0.4418426153649456,0.4471757248465565,0.3639757183639245,0.6483425181817165,0.5007773485204489,0.2610635288243195,0.428726332527418,0.3510798968701234,0.4473087118988817,0.3460554451815065,0.7142607014656087,0.52488687208429,0.3935608284489708,0.3518197798374949,0.7627444145384451,0.4847987975613815,0.5893262145449227,0.5125303698716016,0.5948212963757087,0.511677647992278,0.6404998078819697,0.5329424302999775,0.4133890230785838,0.4240945834043267,0.7737447096357938,0.6886848759942819,0.3153778100497123,0.6252170643441256,0.6441100941708472,0.4595074031963589,0.4250161401156136,0.4116198151726391,0.473985096176262,0.3505454563061592,0.5448425161946426,0.5470342958225302,0.6117083471268523,0.2938382908851094,0.5039063109712962,0.4950976584472371,0.3048945689584503,0.4665608863058854,0.515255387923179,0.4728125430963764,0.379046030784166,0.6025837734505877,0.4406660375232776,0.4412508761252652,0.5716628849268673,0.6997091970992222,0.7282395141521605,0.5503529026599019,0.6521175794271623
19,0.3450978088706018,0.3828465233292855,0.5601566520348319,0.6189252117287625,0.5980728725312318,0.3006871485257547,0.5364245500259502,0.580298753493461,0.5572480066278681,0.3366770557272078,0.54060587309328,0.4127253352200467,0.6889299051612197,0.4381881032952543,0.2625656109317982,0.3100427274492661,0.5933185041659376,0.6831571120011176,0.3468872093074653,0.3881283578911998,0.6596037680293261,0.5577257884004705,0.3976170734593572,0.6010376273772725,0.5328715818022601,0.5105593137385819,0.6035292629754069,0.351968505922658,0.746303492557565,0.4501517385770265,0.6878150446839378,0.5887284142280408,0.5623773649554044,0.3531447754855938,0.2758249256780752,0.3251033744460128,0.2662333236750576,0.5282138017898611,0.3301974141617185,0.3422286138618541,0.7103107720063675,0.3579162117615895,0.364315843223595,0.5780819906407292,0.6559529761623787,0.3900323156441398,0.4369801665910553,0.6870994079386993,0.6722973572384623,0.6309470946971165,0.398001518352767,0.7847021185412285,0.6934655848851805,0.547412574371142,0.5946880048123439,0.3752558730080086,0.7299761579634815,0.5531533252644464,0.4734179033221422,0.4415216902892616,0.6247736313269351,0.4937028135852069,0.8086073843062388,0.4930633346134758,0.6760370887423294,0.6107736161714157,0.3319761513035721,0.2962624269370564,0.3290345810837748,0.4724231461852069,0.6658100259638666,0.4836877654560789,0.4752748104786875,0.4118502222163247,0.4892066525584859,0.7242617124620162,0.4090041169151934,0.4226540548359409,0.4165176062292457,0.7507778587178217,0.6285031672192211,0.3707066923993505,0.3761171667133872,0.3712172613765839,0.4479683894692712,0.5679298175430864,0.7337369963953927,0.4522290606906454,0.4369354660250817,0.3323968100609774,0.8152695073789961,0.4886007791478172,0.618652272510144,0.508312938737648,0.710902959718962,0.6430628317876731,0.6870924728095678,0.4652886317359468,0.4629703088544167,0.34766812368544,0.7621983180468409,0.6791749138381619,0.4273946114781676,0.5748121462955481,0.6954464027087557,0.5150080054370445,0.5228745899140178,0.4815651416709892,0.4736296862767707,0.3114403871348365,0.4968217246398272,0.4648606030470766,0.6366200101102869,0.347180858674754,0.4032657875104744,0.4798678347889402,0.3215981339201459,0.3597385499936446,0.5350218948128541,0.5976439966503782,0.3275878691168367,0.5513960945437391,0.5109771498674748,0.4666908343044512,0.6333798496505856,0.7892394293433781,0.7692452028530797,0.6104621645020335,0.6777500548448704
20,0.2746359125617713,0.5220465868421024,0.7312915329819667,0.2382691922073971,0.5210955116068695,0.4861127507850728,0.4475708678333392,0.7174617770926526,0.6807522708495646,0.310366082101077,0.5273779714677268,0.5903854312339356,0.5895385949301645,0.5470371067694075,0.2543082295674414,0.4209592163400528,0.5128176571648648,0.5828925178004839,0.4424456764679886,0.5732927639765694,0.364471594813447,0.2858724167627834,0.6779127592553978,0.488077426752915,0.4999157506732719,0.4924684031355215,0.5080729397736714,0.3397035932889347,0.4814300812553645,0.4901265718096661,0.6810049920360401,0.3309198240217025,0.9001810936329971,0.4507518037291702,0.2744869506908616,0.7348631762302061,0.2402368067125747,0.562252674628308,0.1984921456137475,0.4200002227050303,0.5647705240664919,0.7277828695726636,0.4088006760314409,0.5874731572846942,0.3404523633834455,0.4255203608258724,0.5556767766678574,0.5571522961898828,0.3584398410578631,0.3000941369190864,0.5042703369579242,0.6029667479356399,0.750132642612114,0.6866839504255128,0.4141739644355269,0.1638928077471792,0.495483878169055,0.1347077533779023,0.482817081301707,0.6782539042784973,0.7263409959819181,0.2807266842076989,0.5142815430785437,0.3567191728100983,0.3252529826792538,0.4801489737320495,0.254605204496868,0.4921746193106222,0.4203329127248672,0.4452797755044628,0.4646676028662592,0.5570481286835778,0.9162299104075136,0.4884557589632884,0.3256619379827186,0.5464170459187444,0.6309471579694951,0.2086307369306646,0.5309549427062616,0.682211800067089,0.6132900141877612,0.3246953616010348,0.522624188099642,0.3956586076849936,0.7509240285900481,0.5512970193872234,0.6715538586895459,0.3669191642138629,0.6020877661145897,0.3440462310277232,0.697571413000412,0.8138556813301684,0.6599523344704846,0.2984025237567649,0.3285446583328146,0.3960699585730638,0.570594419374299,0.7073639633410301,0.4427304649629403,0.3103694883830819,0.5353049568680349,0.5257075728218492,0.3841431929925245,0.5642489634331502,0.3686735557911169,0.4969588561942644,0.5018812330664018,0.6694672927613792,0.4853224674563723,0.4330934038518955,0.6063936034562334,0.269429138944314,0.7821431387468184,0.5121766459285956,0.6835409583735399,0.3107646919139203,0.3632415927786081,0.3515593308197296,0.6137463532039681,0.6326552020332709,0.3429022340371155,0.307748343547534,0.3242938789817384,0.4098732508364334,0.3642534259630991,0.7303406374746535,0.5032494294041113,0.3117682573001211,0.6222591151781308
21,0.343198403806121,0.5187049777293155,0.5710071942782825,0.4156351358914485,0.6025465556468602,0.4152162285589812,0.4981759797049159,0.5610857317980863,0.613908743678175,0.4336121845449749,0.5352534159019245,0.3886627148299402,0.7281986972942058,0.5889888305692197,0.3318951616674103,0.3747079273502525,0.5792303059283151,0.6789191072412667,0.39870961621743,0.4725091016149944,0.6183272130928331,0.5673002008171476,0.4705113966661535,0.4888999052025959,0.5930998264142526,0.621367176147249,0.4294673383508258,0.4666128338008268,0.5755412331553078,0.5327396913792296,0.7101976965598031,0.382037249452821,0.6305627108829289,0.5420086238375873,0.3022214972657024,0.4772189317671524,0.2917756160694883,0.4093679857260555,0.3281078662723764,0.2994750590917185,0.668395476686907,0.5877760898053492,0.4594464730506423,0.5287305163140269,0.4506929104098721,0.3390647729587239,0.5488741106395779,0.6760722506436547,0.5976114832126661,0.4285111437667567,0.4401841044072296,0.5911026562581452,0.730976873311187,0.5827188568410036,0.5320011432458771,0.28064329050104,0.6083871794314023,0.4028377152199998,0.4191930252799762,0.4758440656218274,0.5517452597998977,0.5262025740208446,0.6917855671376888,0.423545684641214,0.5328817842557779,0.7078539717468075,0.3369369127194381,0.5476954024893883,0.3532463285268517,0.482848853190807,0.5437452800937522,0.4850237771671904,0.6560885909995743,0.4548504338553126,0.4360878674806878,0.5561235230307932,0.4300623739918801,0.4096070542933751,0.4197195496855717,0.6450082414718811,0.5977269562667601,0.3090984213702056,0.4700071021529446,0.3929163278207219,0.5620503869882192,0.4832322950794854,0.7195074624771097,0.5338606256215954,0.436787684016815,0.3908839522010888,0.723773148261678,0.5960539192038848,0.6506905557370141,0.4081824804767684,0.5686055844099067,0.6093022087144154,0.6596584397108106,0.4705333949075416,0.4950132290450111,0.3405347834247365,0.6519981354517546,0.6377597621487764,0.395177443601218,0.6429442542131374,0.5044334368475469,0.3428502624351777,0.6044953987045594,0.5258268079960812,0.5706120126249062,0.3273156039328604,0.4305735910661877,0.4944671683031749,0.6481821839783982,0.4133974591781078,0.5141611662238352,0.4383349824053428,0.2723874588146026,0.3408722973039844,0.5787535786329853,0.4438299825184176,0.3681377918252528,0.4207657114002781,0.5736349076325756,0.5113985787676901,0.5155628072202929,0.7315454294491094,0.5630852150026352,0.3724797056666728,0.7160079971532025
22,0.4339763186058435,0.5021039738820993,0.5508909495151656,0.6044552531355816,0.6206467326812208,0.3714184722648926,0.5467367531923689,0.5508832600542889,0.5438717022635914,0.5021439017903422,0.5754125102850185,0.4318612832913017,0.6665760646652034,0.4415257600503116,0.3641886115793621,0.3377855171659536,0.5831438670568054,0.6483444051046998,0.4052785352338913,0.3936878318842681,0.6226100762312864,0.6373359358440741,0.4292253414125809,0.5566327343133209,0.5397763925852264,0.5563004802384093,0.4672413771344489,0.4452603320908656,0.6091542411411487,0.5044454429457108,0.6183104270700268,0.5338949676091793,0.5935756410409117,0.3849550403437536,0.3757687016391851,0.4704486835689951,0.3169745227934261,0.4737617617785385,0.3745288539266246,0.3794168475884513,0.7394273519113396,0.442000934766207,0.3504166351193223,0.5229246073312942,0.6762847395653435,0.2934905119810302,0.5276694974257752,0.5752498504797838,0.6936691268017952,0.5119079392110586,0.3929979699084609,0.6913270404519031,0.7777509260145717,0.4849629636365564,0.6080780710326685,0.449773276343488,0.7259798618490959,0.6634021730537641,0.488111606989111,0.3875117620960531,0.4859051691475507,0.4564544588956741,0.8058464322232863,0.5808367008899773,0.5648999360594691,0.5690892182885803,0.4447096148436469,0.3334227268991967,0.4961065295903759,0.453601341881549,0.602305163203281,0.5223985676274648,0.4560791066230021,0.4315983622573631,0.6321301919141488,0.5621005539906556,0.434571094274341,0.4844402602267212,0.4003642282923302,0.6537986860564146,0.5071094320400916,0.4163959638346341,0.4306385583243499,0.4458329259478321,0.4772571033308422,0.4900124433334775,0.6286275174855881,0.4479097063595141,0.3795248419499569,0.4164991811111513,0.737846809010696,0.5809212736485472,0.5314751552930833,0.6173974088128693,0.5666098969425656,0.6328234634739359,0.5016543834964513,0.494430646677472,0.5214001611412353,0.3757329972628864,0.694806653243844,0.5242223433477844,0.4123692322289233,0.5797259688374105,0.6361687983294795,0.4982043338590111,0.550446338247585,0.386569395986113,0.5062240822805143,0.3994227300392538,0.4190921875978448,0.4404411861809713,0.6017701386948723,0.2908880130666714,0.3815249200654866,0.4521399956738318,0.3523043910644059,0.3563040226800812,0.4276436286377692,0.5538374978794196,0.4041240329878636,0.5779174895001266,0.6469792440384953,0.482795385755639,0.5495708058311801,0.7033177102234115,0.6917815683375346,0.5619529173607473,0.777306247856068
23,0.4326776601674021,0.5426269957935276,0.6016218441246242,0.5784154844928134,0.5489782007920484,0.4256556178630532,0.5306023944159314,0.5760490140464727,0.5745906130876245,0.4465568631922709,0.4746413466322406,0.4499094487256114,0.7049710671263245,0.6314186218286816,0.3388972558749108,0.3638146848577979,0.5958476203148941,0.6783151089477584,0.4352480334898218,0.4159356031848536,0.645536361981354,0.587080738446734,0.3958788977177321,0.4822893209264896,0.5230407780483692,0.6258348503633374,0.4772935489477574,0.4735991400744773,0.563574291031426,0.4596577015566476,0.7006944661496539,0.4488405277409548,0.5238534377637448,0.6004744657652866,0.4069362336913623,0.3529843749026753,0.3331675102546572,0.4742457546953484,0.3259664173498528,0.3942066516709963,0.65952493894312,0.5195550995519931,0.4513025054454225,0.5542521045529228,0.5078840777520549,0.3893025168938351,0.5577621320782405,0.6614891431312823,0.6153490101648964,0.5687761652797411,0.4290732506881157,0.5873018125210846,0.6666654151985694,0.5632183942020542,0.7036522379005378,0.3349498921345711,0.5873214501378391,0.5282818652253555,0.3899440387999494,0.4517922784928661,0.5306683029016752,0.4680412985810937,0.7077809700205863,0.4747708407401759,0.5797329305929618,0.6638255967952552,0.4056525087175471,0.5843448210694814,0.3747295063312418,0.5016422589498033,0.5519419261218064,0.5312433348535962,0.4837494370393447,0.5366913190277152,0.4356504337721017,0.5884296294446966,0.4032714558969278,0.5275256790492583,0.4356513788257505,0.5869711001716568,0.6076967547962719,0.3633995827037932,0.4867375521080658,0.4139783255445876,0.565338358716983,0.4412477503502724,0.6992132314011564,0.4783207895027704,0.4017815490216354,0.3962085795246692,0.7616839726505593,0.5397017515875269,0.6015803844812272,0.3324491151850968,0.6712151601577161,0.6884579977486981,0.6294635023820365,0.5194551109784009,0.4502206116540154,0.3261199340443577,0.6625350445534995,0.5693722960610768,0.3708864226650084,0.5925559055170991,0.5505832621979848,0.4355298898756732,0.5658162050579091,0.4971174645465692,0.5161430490005271,0.2944508836456882,0.3709200814076211,0.4782001343968254,0.6161991884233702,0.430308487900218,0.587893729707016,0.5040154241670439,0.3137217777934454,0.392856285447682,0.5519576786976396,0.4798285492111615,0.3980684812195273,0.4968268535010293,0.6412472802196899,0.5467007109086366,0.6297319152624367,0.7241330931609276,0.5449208865233189,0.3514598415407972,0.698404383133533
24,0.4255674336567982,0.4766749837280983,0.5667209578069977,0.5154764517856733,0.5427444730862797,0.4159955724388731,0.5959091066220756,0.6631111418152177,0.5722834013189475,0.3813147072058191,0.4636744772103428,0.4903442495903141,0.641335750145782,0.4772142748455426,0.2596229177386853,0.3797498746688754,0.5972411080359221,0.6554102928312494,0.396117887093157,0.330436436378682,0.4947729790881031,0.4584408014522451,0.4485506671394527,0.430592992977949,0.570840433818309,0.4819236098415939,0.3690150158457556,0.4407735907225563,0.5996566748000491,0.5215501025609472,0.6780493908158204,0.4871437648497729,0.6826253170791338,0.5169599829042067,0.3424772476720534,0.5582069638916086,0.2785187634196437,0.4398397470841302,0.3102106317073492,0.4084535184212267,0.6666716564665428,0.5059801433203054,0.4368193642009215,0.5813408271369883,0.5644454250080958,0.3494103362831154,0.480088721982509,0.5568848111278745,0.5996297372814191,0.5285891362002734,0.4458170335378774,0.7150134162461749,0.7491327567850387,0.593393148437703,0.558377164266334,0.3788556059439045,0.6900609666860656,0.50144935568556,0.3442072372638292,0.5040222590556674,0.6787733029203085,0.3943728271898198,0.7211680977429703,0.5042130383199502,0.587633084384483,0.5784418433509754,0.4124653967195082,0.464803735165432,0.4359400231430533,0.44555227243166,0.5705680803485941,0.5140955515134455,0.6048724654326988,0.4688232680018694,0.3852474791798048,0.5545631407958749,0.4984184830692462,0.4118501724022305,0.3782422464777935,0.6117058858964485,0.5481486299589257,0.3349283431671632,0.4449837084695713,0.4079825668809785,0.6143470390537437,0.4529448870703632,0.6607456424815746,0.3425650934031364,0.5113988417565792,0.3687882446400652,0.7471910218263846,0.6816948870203278,0.6420116147578261,0.5178826347443191,0.438826218345114,0.4786225242810151,0.5688900877783182,0.600879497064138,0.4370961169405756,0.3634094779464242,0.6879888500367896,0.5575027238858251,0.4129313388949598,0.569758122150725,0.5362660875808641,0.444378034907941,0.4597249569942311,0.4715831254745857,0.5322270286297668,0.3655270638188728,0.5624254235984337,0.3542007136394985,0.6842915341753133,0.4157799669097912,0.4556253927485189,0.421541967666107,0.358702239567317,0.3370717856792526,0.5537744969888542,0.5149824881360017,0.3669515458901128,0.4819600024514553,0.5601663053313662,0.5609959306023656,0.5722672269812205,0.713877842501776,0.6773644335695826,0.4816969463089918,0.7365848879967772
25,0.5480785245361285,0.5555846713907208,0.5094857211433964,0.6752038585940414,0.6365522021724427,0.2776034748751559,0.5401710676408497,0.5045905653846378,0.5191995486721547,0.4810540299023393,0.6441183112699628,0.3549054157327858,0.6040588603541909,0.3011078734920973,0.3775037490653846,0.3103357207487686,0.5949531493223849,0.6423570916015594,0.3680990520652139,0.3502183151325831,0.4909169836369613,0.455334427371173,0.3214477355586347,0.4314017415840547,0.7047207964588736,0.4492246318439217,0.3988809851922286,0.4496531629168576,0.7199337448218731,0.4822851624956246,0.6043373767095886,0.6821143480440813,0.5129568304058768,0.3024040620655524,0.3981808327417819,0.3708709298568677,0.3751891959378033,0.5578439270087713,0.4605547734534538,0.3860047351040532,0.8282460878823783,0.4302811226903386,0.3473222540865638,0.6087706644258373,0.8252525603026571,0.2818186638918336,0.3893224547250411,0.6087697167547657,0.7252467467801617,0.5925098227367996,0.3433518929785431,0.7399631104302179,0.7823771585711435,0.4891244877217775,0.5445207621105761,0.5687458726531925,0.8481744932188092,0.7386969037444912,0.4177144151995733,0.3001802886891041,0.4416148738295782,0.4877913426317515,0.8660553139965753,0.6011985406825029,0.6993643769742244,0.6437804963129169,0.6394964340141487,0.1829049862994758,0.4708888614922186,0.4758052775776867,0.6225085974900972,0.5059876662821835,0.3544056593888956,0.4706114319858603,0.7294249375855334,0.6473109676023845,0.4062823972973921,0.5095652253035217,0.3830446067567153,0.7157939931082867,0.5657427079074754,0.4391101762552756,0.4184957834133273,0.3886310528109551,0.4244111352624289,0.4964817946984952,0.5429431942111039,0.4559216500510597,0.4818925329778077,0.4924998177676795,0.7106649920314627,0.5103824342902527,0.5651199208853779,0.7902435097024814,0.586861819038376,0.5250886373015575,0.5509700622718446,0.4990643780159454,0.3542942412786982,0.4360829288777565,0.8249364468239557,0.5606721938514415,0.4020867838198044,0.6316780334987324,0.7698967034463724,0.5005990332539275,0.5094732884988064,0.3072314008544423,0.4254245605710599,0.3779918621340131,0.4670787053690803,0.533753517392097,0.5490936480550924,0.2680650976251045,0.3384509533904111,0.4300182669756119,0.2458882418904197,0.3589918563921923,0.485421879089168,0.5607751457441654,0.4378706791076314,0.649217619911633,0.6309737559109254,0.5344000575151312,0.5980799437993908,0.7305945389762719,0.8237010550550913,0.6425285971341063,0.769028306625215
26,0.4412640646369529,0.4603070945863662,0.639037991380757,0.6773622091650976,0.566251924869682,0.316299701901889,0.6338715138508664,0.5935483438650221,0.5234145032677877,0.3508529489963659,0.5232928571579841,0.3832455211188889,0.6556171029469218,0.4233914480721683,0.3285590982575362,0.3625203334216081,0.5829908914399686,0.728239764194889,0.3585309831264634,0.2893823102459859,0.5187478071494488,0.4592627321867474,0.3883792175072478,0.5011715719742432,0.5648863540454894,0.4870460806408607,0.4749118907399332,0.3953906595731531,0.7204246150360948,0.4911680209924179,0.6745485102993002,0.6000076715018865,0.5573089442302326,0.4334716718127371,0.3423470945318694,0.3556625752004862,0.2841672159947992,0.4802982823584855,0.3294494426599337,0.3502805184405693,0.714219813225592,0.453200468056905,0.3943467919366222,0.6129981900278317,0.6805485076277965,0.4021687497113682,0.4116540928593024,0.6066556321590957,0.6333280975283838,0.6343054394583492,0.3843835455036832,0.7569468445937426,0.717763827127949,0.6119540578241972,0.5361892581092361,0.4690937661405348,0.748897800205934,0.5547801101646238,0.4110099447921507,0.4218328678802246,0.6379977500352009,0.4286135843331711,0.7876733729368511,0.5590041996173339,0.668234746195973,0.549214866762351,0.4276779513202352,0.2726551153375898,0.3657034391769764,0.4306957628853105,0.5936861915015129,0.542578735502761,0.4430239734802821,0.4333088509651808,0.4909970651307789,0.6578866212831627,0.4527727077038961,0.4427874501453563,0.4211060418172698,0.6504493241355493,0.5982654676253625,0.2976097695968276,0.4308134033015515,0.3615013469361714,0.526186298017011,0.4276720545946263,0.6950962879484468,0.3848401042846288,0.443524705595713,0.3848951265019347,0.7968034710315169,0.547727041000111,0.6264048300989998,0.5807508372386464,0.5955867069072196,0.5071475845143897,0.6370590925743783,0.639014037862525,0.3745424889273205,0.380838179842392,0.7935288688744911,0.6132988934908639,0.3788414613891848,0.5731502263831196,0.6813430689326792,0.5113969372084232,0.4418254527069939,0.4301945943348116,0.5269014655027459,0.3581254038189825,0.5331748920864906,0.4028781725781654,0.6688249047771119,0.3552333987277946,0.47799287366063,0.4399101313421097,0.3264992653201248,0.4013607104478607,0.5422871104441834,0.5734485390759504,0.3675914691089785,0.6331909938270807,0.5286676431603207,0.5533761438544674,0.5826798586326446,0.7370351322940133,0.7773082313261207,0.5474130995250094,0.6787141160118216
27,0.4617958863145149,0.5379461103914425,0.5534380704072029,0.689465458594294,0.570122435839528,0.3874001063615788,0.608247731562687,0.5936671141380373,0.5349023815581161,0.4267364326173637,0.4892129636674507,0.426750212889349,0.629854505642313,0.4888720536797317,0.3374376579983784,0.334941000341253,0.5992520737966732,0.7055582844506304,0.378374128137885,0.3611335473449632,0.5907433361062487,0.5282887553853067,0.3499549332249579,0.4702387655937014,0.5788841570497804,0.5351025980573417,0.3927246761493068,0.4225823845388741,0.6466500787451895,0.4559352004627758,0.649437487389345,0.5793063192380596,0.54473048566126,0.4973562937730741,0.4043758250113967,0.3423668886936252,0.3171167642941996,0.5192688656044281,0.3620783624846266,0.4256939090812818,0.7156251098867185,0.3883797192004896,0.4038820042992758,0.5544734005117967,0.6777950080197641,0.3806077892387166,0.4453004894552468,0.6203008857882643,0.6806918793763819,0.5963971412673886,0.4097936858835341,0.7186426250169761,0.7001797299707017,0.5294901167020455,0.6243875129262456,0.4605527524664762,0.7023374937336544,0.6408970683657852,0.3734384025560993,0.442598564650287,0.5810540073405899,0.4218622501897186,0.787419129687925,0.5840869133044718,0.6622986611901406,0.5639765536118911,0.4689673438073629,0.3754367509099126,0.4362642668458026,0.4745050134624218,0.6352298610089425,0.5500475319153845,0.4457546123471581,0.4630276455071172,0.4996444568848721,0.6453041019886583,0.4333295315612888,0.5061643122429887,0.4260454314181021,0.6285295558604886,0.5469360989523802,0.3748835441065614,0.441985248510688,0.4285101085854862,0.5487081687565848,0.4460749089753855,0.6606957794608921,0.4101681708092987,0.4760031116157119,0.4319606059878216,0.7666843748731247,0.5627850438542193,0.623754166860511,0.5379405216139256,0.6769782100872644,0.623274874602798,0.5964841003680078,0.547729137011716,0.4246986718817818,0.3759961718843362,0.7630102424471302,0.546878948166126,0.4006261825587691,0.5833949648050858,0.683859416648051,0.551871688542263,0.4925962270677324,0.4265355352867586,0.452187032861244,0.3832352145730129,0.4545836296102577,0.4228307998708898,0.6098031887933691,0.3760136433318923,0.4740552072527664,0.483198014079514,0.365509203046241,0.3949096419757421,0.5156267861817299,0.5706888474872208,0.3769554018603427,0.5922448885125332,0.6234253438747965,0.5530400972980615,0.6285225581394728,0.7089254873938157,0.7142806508044809,0.5343850099563833,0.7189848359559426
28,0.3979835525965177,0.5071928892056984,0.5770150914034423,0.4741323417570099,0.5539973702422829,0.4215395875454533,0.5957996453714868,0.6681597716147315,0.5947018065118714,0.3576382077862131,0.5063192198473537,0.4532132820593342,0.6492172717404827,0.5533512212307471,0.2826734493461857,0.360466619765951,0.575586479461783,0.6488510854733259,0.3906615407447559,0.3766505910366417,0.5519933908859201,0.4504846612740956,0.4123285271478561,0.4463184443697627,0.5810371720429278,0.466693553285088,0.4532439942011709,0.4223310070280053,0.5750665507181288,0.5228957389436778,0.6598341180515148,0.4871746167955206,0.6691510638889976,0.5161850061295427,0.3379928567131597,0.5185549052783115,0.2746160262189193,0.4459906221779031,0.3120995114590696,0.4567046716737187,0.659584747645582,0.5121582223260627,0.4240555682240409,0.5444957080385423,0.488562875349517,0.3733269240542206,0.4340470712888543,0.5814440144320624,0.5987697558314692,0.5346476465097865,0.3968149861505252,0.6905927827476219,0.7463982297114354,0.6041288051041692,0.4656899341146232,0.3627978666415765,0.656329589588652,0.4377720359295487,0.3945834900630749,0.5471694730422038,0.6421858210684211,0.374562380518503,0.6868826491563955,0.4676541060745907,0.5576472550026578,0.5889912137267858,0.3716929997558955,0.5329549042770448,0.4456203443504867,0.4418979693865071,0.6148957816638764,0.506706428017609,0.6298246325622624,0.4721317153352949,0.3978391792701214,0.5696717882216831,0.4886712123628979,0.3902266041698534,0.4140700211553492,0.6293123099166892,0.5721635519943581,0.3678239857156459,0.4330392228826005,0.4203966987902574,0.672062804991102,0.4747077253252125,0.6602155711692413,0.3652747890520612,0.5473647959157433,0.3801786493248116,0.7503537737164615,0.6544018279925665,0.6744252178628315,0.4376587604779909,0.4166167270916694,0.5155091682117807,0.6183764644951202,0.5446906877682519,0.4329053279912188,0.3655990507739253,0.702531599290302,0.5326942194144592,0.4046777137999525,0.6210509434611301,0.5538389028122869,0.4412157257870152,0.5224571295685533,0.5250364332267938,0.4827655361573376,0.4126135671610038,0.5292587168166997,0.3618016081375612,0.7002682248293605,0.4384839306773401,0.4676173593517349,0.4134508561263348,0.360048197128572,0.3100755671223198,0.5457867113919445,0.4949275440915464,0.3696015171317254,0.4369974496384016,0.5850761701449598,0.5137750544052171,0.5501262276764853,0.7242960752141214,0.6378721307341315,0.4771568178202889,0.7250308450787554
29,0.4373440303050739,0.4348493806000562,0.5457504296102239,0.6071060827704766,0.5916041933590183,0.3421245102564705,0.518094389386655,0.5274978961760934,0.5364863877258206,0.3975072825764539,0.5889151896268586,0.3878932599656471,0.6415036579108672,0.3755141079971827,0.3504893557864211,0.3213582801943476,0.6211717083402871,0.6985032556816448,0.3419010499692377,0.3419887891123842,0.5584468703647208,0.4774307778455759,0.3628685536385762,0.458293015683167,0.6268247671029031,0.456444141698402,0.3932255851474116,0.4403187324817052,0.6562505352687539,0.5568407502289253,0.6465736890585037,0.5989498931705801,0.5616083936857948,0.4311206012507396,0.3116168098838737,0.4458599811129449,0.3122918346498058,0.4911195549026987,0.3645078843965883,0.3713591244415348,0.7698039275237208,0.4389886810996155,0.3525246985481691,0.6014845974269463,0.7281966352950225,0.3409928801322315,0.3860118103070289,0.6100966690815228,0.6870981397874173,0.6426918549564306,0.4099621323823714,0.7481629632351162,0.7426974702461814,0.575695967774957,0.4320907200798368,0.4650465533259962,0.7740082489111938,0.6884450040068236,0.4360311973597535,0.3583322835734785,0.5770658017486375,0.4991034812054364,0.8328991661143433,0.5702689383412297,0.6719577110413749,0.6018023195828858,0.4359562308754843,0.3237708406172444,0.368695368690613,0.4407406495689274,0.5872750043080736,0.5382091283318117,0.4575234228668061,0.3599312037388992,0.6355912878247468,0.6190551489657383,0.4697246859793743,0.4150397744085035,0.3938879036856295,0.6330133420283864,0.5751124912284166,0.3883970810286322,0.44934776461848,0.3715498226372477,0.5300514886104818,0.4317866113516008,0.6340266974789204,0.4464355145385837,0.5064872790062752,0.4666135649310451,0.7057136749408027,0.62008033222893,0.5963503900770061,0.5412339805946389,0.555836749633374,0.4539848365146509,0.635216612476321,0.5345982752058435,0.3940083669483847,0.3977666903523417,0.7989691735254253,0.5500086490894676,0.406891208366829,0.6062546147346494,0.6919827518188248,0.4555304771708712,0.4390450182597912,0.4062325100117774,0.5426380022145328,0.3531610829751136,0.5352501109278913,0.4786612156239493,0.6228085038054253,0.3606553300838691,0.3740266553966058,0.3836470797102125,0.2949665753339736,0.3736530781505212,0.5180282502579902,0.5372868897546412,0.36246020474869,0.5881474088681464,0.5915833208095761,0.5467750706708516,0.6020606904014081,0.7395696215238142,0.7579250637743654,0.6353410235647518,0.7636863890929821
30,0.3904836537559228,0.5312354428893867,0.5309198002402203,0.4542815236229978,0.5964831209173819,0.3904423881217416,0.5647452463075692,0.5753808992235613,0.5621341458659505,0.4031267781191068,0.5275745232435824,0.3560777170220883,0.6869393873964573,0.4945888720480236,0.2820188487773554,0.3461905833269159,0.6206857884272355,0.6452862850172851,0.3695945926181203,0.4045621041555869,0.5952394646200713,0.4910139363782753,0.3584582876021462,0.4374320344525683,0.6152897075892924,0.5024723975477042,0.4125144137500632,0.4941640730085965,0.5759481011004116,0.5576368255084482,0.6824126393729859,0.4576127360746059,0.6154303609712438,0.3982280090679289,0.3312900798430404,0.4561823307974641,0.3274345859943359,0.4006169863705468,0.3675481322420391,0.3864922627968354,0.7207283371010281,0.4645053773331069,0.405074824363921,0.5589266767217163,0.6189932240675274,0.2749260891398011,0.4286516068669621,0.6505056698333097,0.7020018716829634,0.5964824862303918,0.461284899645033,0.6876557762075669,0.7942620590441024,0.5280638828610094,0.4354615903834988,0.4138064481902404,0.6880933635638359,0.5548122519816391,0.4415849199671166,0.4535626172169817,0.5645169720411337,0.4934433693338692,0.768526156879029,0.5199277020972645,0.615590046208286,0.6624873872921511,0.4343359236523746,0.4306492066592943,0.4492039155747653,0.5064817413811604,0.6457446649115967,0.5297027850973094,0.5818550914207216,0.4373747330985643,0.4984285071806014,0.6176614644888462,0.4105148563160092,0.4609561077773576,0.4125842042993148,0.6819247709022142,0.5596525344724882,0.3335929114018506,0.3989824009626688,0.3956777495104157,0.5761429971307707,0.4586969662750181,0.6505925172369231,0.4587776182466912,0.4497394033023849,0.4643349355934716,0.7106665137845226,0.5697519488800884,0.6669544998049389,0.4337313418605202,0.5484148062003408,0.5107588480716782,0.6040542601514524,0.4607446081616579,0.4424689850993082,0.3631611294126618,0.7555196416833562,0.6011877760412583,0.3616761933688455,0.6539523345805235,0.6311705347884844,0.3708398342917571,0.556507255609827,0.4534787650805752,0.5085573242470751,0.3601999544515328,0.4665654030913339,0.4690222349411894,0.6718740623746408,0.3283943671154077,0.3768905957844521,0.4245458810042352,0.2975808501755493,0.3030452489540334,0.5385479025729499,0.4801700889770808,0.3763636828743284,0.4813537181514702,0.6123836998671494,0.5653548086857805,0.5834081210040865,0.7200704304024584,0.6719798976331784,0.5091498746685639,0.772349788222651
31,0.4081441122477255,0.6149557294371651,0.487343066791162,0.6339865587619642,0.6070962584025538,0.2579949982834703,0.4832224243652943,0.4397745098713251,0.7843671656500227,0.780985059843584,0.6244557379656794,0.3686244381121428,0.6160325218484846,0.3059468663746833,0.5103436232551681,0.6306656943616047,0.5439407206349047,0.736043731780566,0.3052872731933296,0.3547565861335088,0.2668161983225107,0.3722150313592624,0.5691724965226416,0.5079330294179324,0.5425942416076719,0.749605937261119,0.4029235294242438,0.849547318240427,0.6767030420470354,0.4510184844766265,0.599838413364241,0.4695783625140509,0.4323102896022255,0.3372714076452462,0.4905235035099221,0.2532456315545167,0.295206477076185,0.5915804677140039,0.2517054658684486,0.4547444264724938,0.7055722305996974,0.626123209099619,0.5270737042438894,0.5954974968564951,0.5969600870146659,0.5299951192644403,0.5496663117853987,0.5153464851362052,0.7331050981867241,0.5559406872538469,0.3763605486183259,0.6576712827757912,0.8412012874599103,0.471589093671812,0.5275506750393208,0.6663687393432132,0.7096526573404675,0.5520607467277101,0.46433341477336,0.3408113041370564,0.5654150944866012,0.4754879687263064,0.731905632010889,0.7956945181414835,0.4649702330217152,0.4774923043754785,0.2865761917074635,0.2097073642975521,0.3405554702509445,0.4599020515063781,0.4670853637898894,0.6410472773269207,0.3838416390882987,0.2383031508306351,0.5072536499361434,0.5683550725806985,0.8347956057889209,0.4921774978659584,0.3716608301234607,0.4150239717166233,0.5582016710853931,0.2851422234433909,0.7341062182378113,0.675777351545404,0.3791358603648291,0.2535890833090667,0.3511699329409726,0.4728563866560962,0.5392480872374277,0.693410854380799,0.7741019615255951,0.6774945659762289,0.535414195248343,0.4793690117513526,0.3854546657838949,0.598910002064892,0.5373587016047614,0.7799715707059628,0.4938042275564452,0.7290361043150415,0.7612742342892195,0.2773679231165996,0.3642900260712422,0.6295982081034092,0.4723381843361043,0.3910569467867825,0.1863190284925123,0.3010659440744682,0.5884166677646339,0.5662465050765535,0.6976789339816536,0.4696108662509136,0.5306368344976055,0.3183663223749797,0.3968752713749158,0.6275442705623975,0.4079158203469575,0.8512393850384501,0.3338839178950908,0.3873294993806783,0.5954852618647843,0.8359992681184398,0.3158344269062882,0.6671867022124315,0.2246103364001427,0.6821822182319074,0.630589411212703,0.6572875266626508,0.6884382624011859
32,0.7668848483878143,0.5467980306673661,0.5997966616034452,0.5851848930597421,0.516977019719211,0.3091790860296085,0.3031488710172457,0.3041065919224396,0.4595962270306006,0.3747987317909923,0.7130598251448268,0.4318629180867995,0.6886339006884066,0.283522589751527,0.4783976334722868,0.2231578182937832,0.598073725838596,0.5789835864009625,0.4193771848767023,0.3654483264975272,0.4808023354870728,0.5670992624966273,0.1925489052282802,0.5207820554219184,0.8635223912761147,0.2884493286041705,0.4168838707233842,0.4480070580266949,0.7460213303676805,0.5332222315674524,0.5378644072677744,0.7321623239893407,0.4449523359166321,0.5266290677317531,0.4555713776495759,0.3224216423707586,0.4751507449442608,0.6455822785502391,0.5828998143248627,0.4630338560792114,0.8132248562291925,0.4821675997944146,0.2319696820628177,0.4938342913300465,0.8724404366431496,0.3716883615101774,0.3203203627661177,0.6889539357735991,0.796833508965532,0.846925263072392,0.5134806660977167,0.6391975113062702,0.7519560593760758,0.4477074129970637,0.4775877159973912,0.6345919657442731,0.685117975650352,0.8012040535149747,0.5503567583823419,0.2627905658777099,0.3440829052208451,0.5588010192729408,0.8563206995351199,0.5638604654833672,0.6751953498560239,0.7929229748088094,0.6914689667101284,0.1987903840441082,0.3898013683909774,0.6258828312586382,0.662751717666088,0.4972640984250376,0.4425035007989576,0.4478588618553488,0.8162681105314561,0.6148205166044999,0.4041645435983112,0.520502021419917,0.520374616995361,0.6898717744044298,0.5066752004627816,0.470512983049673,0.2898521127807028,0.2376117805799907,0.4641076337494063,0.3862038635611601,0.5495964589818414,0.6197634479554404,0.399412047855216,0.6716168719158185,0.5533775426334879,0.4201512170578428,0.5102424536049788,0.5769960761242672,0.489099612097295,0.4175416485252949,0.743498221525834,0.5084432330921042,0.3315595519604399,0.4430373953205737,0.9048754638975608,0.6377124781977135,0.4685093686250253,0.7343520300907458,0.7200700639928662,0.3100884534852067,0.4707276847901098,0.3379930813186492,0.3948221620337784,0.2897089721103693,0.4929577850995973,0.6865866125984285,0.5506929088532219,0.5372852318345369,0.314548549145198,0.260508245665725,0.1703505889296734,0.3119029697833818,0.3618466008954564,0.4826234714054093,0.4969604104168829,0.7003563376885481,0.5788265185926101,0.5868487122591897,0.8670243369521337,0.6805710851863906,0.8185504515179138,0.8010083449827221,0.6824766696835216
33,0.3147261597494411,0.4447777125324033,0.5757836441041924,0.4380046269444616,0.5680240397044285,0.3876209684063966,0.5738902960406308,0.5881540275917038,0.6555991237958773,0.4719257760851225,0.602809246013335,0.4454320983514782,0.6647309797617663,0.4426122682536313,0.3646457628896747,0.4114564831569065,0.5883072759201641,0.6777222407188864,0.3678238035232792,0.3607302595788921,0.5518378461422578,0.4018744045041084,0.4790096780893256,0.4470885582059447,0.5749555626653916,0.58005528050836,0.470168823710704,0.5061626599550926,0.5569742107224848,0.5700232507591391,0.7170804542836425,0.5006559651342372,0.681367027231091,0.470896973651735,0.3058052530331061,0.5862738683154589,0.2807613862154199,0.598373633735485,0.2989610629054371,0.332074107327787,0.6858561983594954,0.5057150308989365,0.4813273299493343,0.6255095883973486,0.5107918245765234,0.4368759650272433,0.517356077637613,0.5802864805025297,0.5810915335483079,0.47332406152565,0.4676902638873196,0.6982211951933405,0.7403584742064823,0.6204949789895485,0.5079630148569021,0.3226392868948908,0.6594385505034497,0.50526402925254,0.3499231979439921,0.4840681434062122,0.6729454292737863,0.4769477442339719,0.7122690712514709,0.514105722390456,0.5360478207386072,0.5923572372503985,0.2937851775959869,0.4050966005182117,0.3640869490783833,0.4349513002804908,0.5900445396259657,0.5716298010495922,0.5960102149882739,0.4452266788802062,0.4800866396589285,0.6389309903411862,0.5314761217467104,0.3976556388321591,0.4252546738809679,0.5810938017935802,0.5843034075063959,0.4071668780946529,0.5182627987791709,0.4574898422411063,0.5934993328168087,0.4022509187113108,0.6823036860069785,0.4810745896936497,0.5096606252022136,0.3810675405331982,0.7202461816207508,0.581759650742328,0.6369579299240468,0.5327698760254997,0.6069168279263841,0.5345592483416229,0.6179406695363627,0.628133940454935,0.4229843390780399,0.390752479813003,0.7077126981107126,0.5178754025668735,0.4187609338448255,0.6120511061567816,0.5255335459596767,0.4896564306752131,0.4293109413993601,0.5320126330407126,0.5693801803842176,0.4201865747713469,0.4951623457173554,0.5026106606037511,0.6464484156554859,0.350250733277462,0.5219368229702105,0.4415121596079065,0.3500590065247214,0.44415496461542,0.6051443169140484,0.5284823994676123,0.4002750209160317,0.4555707735512295,0.3946761074841206,0.432240766815507,0.4676522135057225,0.7186348341607123,0.627224350923871,0.5045529774673155,0.6984724752702327
34,0.4953753855614178,0.3995468503490551,0.565920684094599,0.6587906230329427,0.5704843466031799,0.336324212920019,0.5330503119645057,0.4913640949277205,0.5121333541731947,0.4100494995556498,0.5743372419918976,0.4623470882994887,0.5766997956354772,0.3230923162344241,0.4064197214484986,0.3797885641359254,0.601403661375642,0.676276018863013,0.382058719926757,0.3662826272505445,0.6102778413417427,0.5221718528027779,0.4210764983532049,0.4993424510387805,0.5801184081962073,0.3955896138100344,0.3876793582601245,0.3974701179562008,0.6463092984881994,0.517470165610599,0.5667350061744149,0.6232788736540272,0.5613758776988176,0.3557922782614369,0.4442812026826059,0.4856427792937439,0.3674491911153441,0.5933316018754765,0.3533612152275432,0.4429749781924199,0.7541655955872114,0.3570071236950741,0.3259388569025475,0.6404189128184261,0.7420303258683291,0.40008914622863,0.4063379207804395,0.6001922031716425,0.6522813669257992,0.6708354621231768,0.4453435704200394,0.7832631742403313,0.7008304226773084,0.5664307162497776,0.6100860309522912,0.5222400457552043,0.7707915116311349,0.7534735011521633,0.4326351009934126,0.4041835630997716,0.5475807521406603,0.4694740135992548,0.8653687415595832,0.601758126186846,0.7075044093973982,0.5157973964338122,0.4481294018292807,0.2778203123440624,0.4381056831868375,0.3922579269500149,0.5777088512127367,0.5684264232575201,0.4055281268425035,0.4096183901848935,0.6321856402097802,0.6474614098140954,0.5294958790271087,0.3880900374827256,0.4803613720067323,0.6601498619382931,0.562315851366456,0.4206105922853591,0.4062562307291224,0.3889993568817821,0.5065844607846718,0.4407194292662091,0.6320187968215943,0.4568107016075879,0.512756850207939,0.4794309936348657,0.6931768934212724,0.5833299862857867,0.5548682483281063,0.5945539936248783,0.5910169306791682,0.4584379103412571,0.590366163042014,0.5202511434010376,0.4306959833172554,0.4003723842311436,0.7540524410372943,0.5634671057007221,0.4535341036052134,0.5729109260684663,0.7477305658875988,0.5625139067276842,0.4389465319988407,0.447496156414096,0.4744992727309198,0.3752803165116549,0.6027233026339492,0.4439881458514957,0.6021918657050866,0.4086228374086322,0.3762124808967036,0.4077507111521334,0.3310561588744633,0.4032539526636913,0.465074416964843,0.6157247011564801,0.3613574605001122,0.6457644860501798,0.574328493870277,0.5377443508183485,0.6284264098642692,0.7140398188515226,0.7872911634810601,0.6629891504421718,0.7018814051532293
35,0.5810961879772631,0.6584943482749859,0.3729972207638216,0.5262014245868772,0.3991887209361565,0.6895051021720683,0.5644370023144676,0.2097618167003763,0.4960122451253664,0.7481562380960401,0.3945203471884526,0.5495826013286126,0.4564345969940829,0.5416784805777731,0.6641483888012282,0.7854693073532101,0.4102615427586641,0.4299520449479392,0.8242777581534395,0.6476936745158332,0.4374487175266718,0.4878848217236946,0.6242974295439881,0.5971973990668608,0.4380191853045183,0.6008386152843214,0.5621470063382569,0.6647437806858251,0.3991641707972534,0.3528080954404209,0.3645728458378507,0.659490342864475,0.2967066498643443,0.4467056901434019,0.7723917698338544,0.791889829665271,0.6584155030593772,0.5368902629220487,0.6225860633592967,0.5874109900864867,0.2283396288560931,0.6748287327159957,0.7220447487134821,0.377442241342843,0.2912094343274268,0.7323809667173228,0.7100952291923072,0.4058361230486514,0.2395925790202968,0.2676393000551784,0.5391568227240308,0.2489625877611137,0.2911019392598861,0.2861404594775379,0.4946582428969594,0.7586057302461479,0.2866769387065694,0.3516528060420588,0.4772981685267367,0.5477335241622825,0.2848269439532893,0.5593275502032492,0.2278283872772303,0.3997422507397495,0.3699726856074988,0.3909937848887471,0.6807762567788772,0.6166807724180011,0.6983183388048414,0.5721247943861394,0.3411416136368511,0.5276344207825504,0.7460717222481085,0.6748356028176971,0.4112403326019147,0.4980242733037466,0.5530702968217228,0.7375974741198531,0.588169818856065,0.3900867904849811,0.5085226848106027,0.5345106176985247,0.6566628221764267,0.7173444977641661,0.3142955352639167,0.7018557737996582,0.2553950170276597,0.5607478059931723,0.3706146915678344,0.5417588817571718,0.4479657502125317,0.2931261209202993,0.2665982860998834,0.2630704773146912,0.3747373572855474,0.603590206888937,0.4831427717430712,0.4319237413721619,0.6103513874223546,0.7646199411379054,0.2908135480164506,0.3995838636916127,0.5849863376942362,0.4009067412787069,0.4201162813745348,0.5872548859825835,0.6844173537969952,0.7127659979070078,0.4992376741468606,0.613360637295784,0.3482194387306586,0.6054185372390721,0.2116126653738943,0.5666079076774405,0.607683085223994,0.7740715508844122,0.6587913870129344,0.7290326180955153,0.5793453502439597,0.6717543267609946,0.7169954567284557,0.3788113277022755,0.4000532648812469,0.3734453399897459,0.5647262698680028,0.3468306620190291,0.327230205359048,0.6523583345733256,0.3827977108010478
36,0.7387473020621572,0.6487857373670297,0.4759568828123464,0.2034201959012943,0.3760792907651294,0.4156779148971288,0.454918443761972,0.3553259722346042,0.5333050754409644,0.3759915085547444,0.795932970153535,0.4751809868421637,0.5992581702454466,0.1551357061974436,0.5824971176173506,0.5208157124845073,0.4744799625454118,0.1926735499889772,0.5367588684792546,0.706584290541579,0.2481449210547855,0.4624498892019644,0.5698273778958902,0.5554892461888773,0.4740095220973997,0.7695577955871399,0.4745708827241746,0.5162582185586321,0.2139631849882086,0.6736938540583509,0.642968120168489,0.6088419692458905,0.595964199382787,0.7830792880751397,0.5009843402433929,0.3165433550836856,0.6556707016840427,0.6513782933818355,0.5319381098601442,0.3200649218936853,0.5194858883662995,0.531027580856489,0.6186770852687807,0.3583967470061037,0.5325540928058068,0.6622884881708745,0.5287858700960014,0.4496686397213795,0.5377366490470593,0.4942164328697971,0.4643985936103814,0.509078215228118,0.4100917346143773,0.4430004306943547,0.2113626832523278,0.8795936675301591,0.0959023155746345,0.2005395820270719,0.482946248921368,0.3162658572329079,0.2424280808431862,0.4578229880097024,0.2854452604932541,0.3739540673180069,0.6727514372070417,0.7648058678680986,0.7690889919364462,0.8787201405579025,0.4657514966817313,0.6331677028279669,0.2488806497875851,0.3627488547686194,0.583345212961157,0.2845779800506772,0.5347268587056669,0.1327468778470613,0.7177773049007156,0.7172816071304381,0.4194978385175618,0.343652646112599,0.4631964782066671,0.430646639448521,0.5416217456371796,0.4476730017540737,0.3589576378937962,0.3145109058105144,0.3796785006214518,0.6145111091060521,0.7795597508444625,0.609268634183714,0.0323681475902667,0.4840783909158095,0.4460685407021303,0.677518025965777,0.4708020739989298,0.2039208177781521,0.5253705119073878,0.5911155018805341,0.3430356650799783,0.5049370075921795,0.4512430164350685,0.3720567973672966,0.5402501759449976,0.6867604420463044,0.117453622417652,0.4612688390083274,0.1172791886933241,0.4104972729197314,0.6191778011599676,0.6325285064281325,0.7488728175891809,0.6806352412716703,0.784925074250534,0.754353403874109,0.462048452694449,0.577847239233902,0.4788742483054806,0.5776062771411734,0.0324319143836777,0.5151463680700982,0.5542383964400064,0.7354327228115255,0.4373729551845202,0.3150989075549893,0.4690945269136968,0.156814771509461,0.4088207440132786,0.1774114299952191,0.4410349403728051
37,0.6345158335846555,0.5862214513578032,0.3978326889899297,0.3235467606054286,0.3891647725783915,0.5675757113688472,0.3905685501481341,0.3122420868086288,0.5535246935158621,0.5369763378207636,0.6112864929720606,0.5346059452108253,0.5024974870525759,0.2788978599504754,0.5778718406611479,0.6184191342362766,0.3588594280970226,0.3057300432971504,0.6091598725390506,0.6207606005592492,0.3035997482229655,0.4830049945528285,0.6160026137468753,0.5622370154101521,0.542859455095977,0.6462710010704071,0.4579377613573951,0.6725650378066762,0.2056225445901299,0.4592205457768141,0.5518013379911284,0.5158235361197216,0.4964140778637605,0.5120927154248271,0.6719363508569564,0.3892242151641957,0.6337390852065404,0.5095711846441652,0.5251975923541791,0.4877153651908434,0.4299273160098661,0.5178339594696649,0.6511722482530816,0.4089594772314018,0.4385324144499792,0.6284471500198822,0.6235666692521625,0.3896737327568615,0.5006101328147128,0.429756411302614,0.5511428974754647,0.465121778604747,0.4172466908526104,0.4051488001152327,0.2999152388472693,0.8379625354507464,0.2698280478937863,0.2964948857261114,0.4560440786021229,0.4970821308577968,0.3176738117495261,0.3894941156148698,0.4064199651639675,0.4934431747558811,0.470981363675143,0.554766628170995,0.6215915542531235,0.7067698974456808,0.6322977999577568,0.564903024598175,0.3508594262981666,0.4552328056605965,0.4858615577086932,0.418221065506047,0.4598188387618827,0.1609273774283738,0.6888955295812199,0.6935243231356232,0.5377950797870197,0.3351797499213855,0.3788973132481632,0.5922232111330062,0.5500032563704416,0.6297264789681194,0.3855901794648237,0.3674181732162118,0.351421575518168,0.5587535917447272,0.7328709750816853,0.6587160081025839,0.1521699452035783,0.4415858010321858,0.4060874399769356,0.5921943296115584,0.3228917937264115,0.3293033893232964,0.4192410528448921,0.4864402296635757,0.5013545060245672,0.604102077726172,0.3817687521322677,0.3532431256905664,0.6174301309617305,0.514280530934123,0.3163045632505483,0.515215987724189,0.1789721029087606,0.4973525421131707,0.4802203385370739,0.7024592524815159,0.645202480240766,0.5532318670210259,0.6177031293694638,0.6414489464289778,0.5649452602286305,0.6896755427156532,0.6228730191616471,0.6722720074195339,0.1028233071920776,0.5016540635354375,0.6277335935150096,0.6569698513747029,0.319824593635831,0.443367223293614,0.4184498613284845,0.2616245220935689,0.3635724305757904,0.2594571857872251,0.4275696312632586
38,0.6328818467167735,0.5751908426670572,0.3177433471367369,0.415154801896743,0.3352114454090129,0.7265292632926624,0.3702470307234817,0.2150449352804796,0.6455757848875352,0.7308127163579635,0.6917537644263979,0.5699813217230234,0.4929983710339394,0.3527561248870139,0.6787194511721727,0.7477637894556821,0.3786007651220633,0.2966356580282742,0.7390328504310762,0.5386474524416882,0.2844581033969846,0.389632611870925,0.5630674451039454,0.4558983826060934,0.4437045878128157,0.6341796644510541,0.4388337688244526,0.7318277848425764,0.4337033353314983,0.3261318870257922,0.4101419968889159,0.6598175389654378,0.2818422123336762,0.5152944971318566,0.7334125896211853,0.49716378858035,0.7448717710819702,0.6279188120250245,0.7329997436867064,0.599690497552397,0.2322568934792007,0.7851179700529499,0.7897236324763567,0.4297538737115355,0.4176543496256759,0.7267211170467349,0.6672631701132078,0.4216465236354954,0.3310044332319802,0.3431162112170247,0.4599750267843326,0.310769662499523,0.3063973846734586,0.3435757791513147,0.3697484803423976,0.8627846281332241,0.4024554062880905,0.401969528135951,0.4421207389129977,0.5379179068854366,0.4192554036981492,0.6009128729852838,0.3071549156720926,0.4698934976658355,0.3740459313676247,0.5795637772972777,0.7698165871506523,0.7018263841706059,0.7431669762506076,0.6248589648546653,0.1630976453678125,0.4176437743549813,0.5082769867951055,0.6207718662008818,0.385165145777782,0.2539812246464465,0.705212009541076,0.801896175355342,0.5096673863037405,0.2898088452838949,0.4746426464018293,0.5342508860612042,0.6477749686537275,0.7971345010151017,0.2747891392475395,0.5126021733420062,0.2925647626715097,0.6801991526410202,0.5969752443323422,0.6828072408154204,0.1669126259046227,0.3945960397772439,0.3092724287783994,0.4723208829604918,0.3895953995846441,0.4954296981243029,0.4561132797023402,0.5135003730315754,0.5277460549529142,0.7767010934121572,0.3515090998293553,0.2943390800012722,0.6779531031940006,0.6368287271560639,0.3411261313292814,0.4667231710228449,0.2844746765515306,0.5867231898899802,0.6116680523571251,0.6886540216422526,0.542734782339843,0.6846961364899506,0.2876719738599145,0.6388362537440023,0.4961298959160309,0.8084302879274031,0.7206925013061111,0.8037897655182792,0.1521098422578605,0.4490012298275998,0.7533102081651748,0.5715509508791765,0.3437231713408488,0.5484198565766953,0.4909703879648971,0.1343296177635863,0.3199763461089871,0.3610534284766344,0.4105493881215942
39,0.7001547858286844,0.4209054167303875,0.3269405591415299,0.437646260294086,0.4477114168045765,0.6797109774394182,0.6516053025349222,0.4365934049241202,0.5475729839250416,0.4501257158661755,0.68097399725315,0.7245050306436059,0.3666540463472968,0.2028759628054125,0.716290780859966,0.6987939273231548,0.3357366232209975,0.2329566351961599,0.686104877042592,0.5467517818413589,0.4549490215320322,0.3879476291102688,0.6364954815910161,0.5916752499570325,0.3481608656189563,0.3096143039762786,0.4429991041858457,0.3513467766276467,0.4120247607001072,0.5541335301257959,0.158210583594102,0.6450405279018929,0.3480344305467078,0.6184981316285589,0.6059184321196528,0.6916146369130948,0.6932490747460766,0.6173623488805439,0.7368593155165168,0.6272205044573214,0.3583751306574845,0.63880374820104,0.648214434280044,0.3828491359161436,0.4924282906300269,0.7593128559421881,0.4637089543611335,0.450463575630825,0.2910147313566368,0.3709592091891591,0.5382572062422994,0.5095193771988962,0.3669501617572042,0.2989328017861635,0.3607055326309993,0.8616013120402171,0.3629261004863801,0.5319861539807841,0.4864368449877788,0.6133257547119358,0.4087775082422027,0.6377112452733714,0.2568493037935875,0.4090842521090851,0.5878190638567672,0.4606939142391187,0.7398619055075343,0.8032416929035534,0.7741416198394605,0.4844434820843515,0.2460440917823428,0.3141257353057918,0.3139316976884914,0.5605773307202937,0.6042864491170078,0.336448776765644,0.6322500146929624,0.6561753572106132,0.5036219279120467,0.4303060522786071,0.5242993030420723,0.644138562039385,0.3694318054097447,0.6403335924034735,0.3355119338029922,0.6984425672667229,0.3743462738393155,0.6393711863573796,0.5706409571169956,0.6230499552789627,0.1258559245662234,0.2696225255873345,0.2728239349291601,0.8745295800439598,0.7144261762503726,0.1595685820646054,0.4536221370095272,0.423624933651926,0.5531969932997621,0.7134762405297352,0.2790265369775181,0.3909936339044598,0.7463152472559669,0.6134264940038164,0.4247009409374016,0.7770629087305521,0.3170447865446523,0.7900958106324439,0.5345617966574453,0.7571186190131239,0.7106338080044664,0.6420684663281394,0.3372975762635057,0.8217057110110764,0.4473886294476565,0.5413071106086146,0.7602402823862932,0.5964229131277868,0.0899403380154813,0.630939294988028,0.4739610828382055,0.3480603337149746,0.5278691482555856,0.2252857243646922,0.6066742672913735,0.1460334015691922,0.6635045245846911,0.5948287010537217,0.2659739062679367
40,0.4662933308813437,0.4489511047070609,0.5109152526083575,0.449970555899879,0.6113217014297947,0.669006907847436,0.5673347249292875,0.6919673314647339,0.3730364297707821,0.4980893909764346,0.2761536095140841,0.787731460356467,0.3086744017234518,0.5819353101878423,0.5395496544760898,0.5599287813493451,0.4799239245713205,0.449774127250298,0.5502358825464796,0.5805783003588653,0.6394017109734562,0.5077528507220789,0.6579675202536678,0.6099352579849722,0.2235230648736092,0.2107494664470105,0.5546961320980969,0.3381166054639907,0.2359836342371274,0.8486206663874959,0.3853324315497476,0.3527181089987126,0.3592959730255538,0.4386774435225811,0.6894394172679643,0.6570301251850678,0.5676592698202504,0.6061223309136562,0.6394899788977276,0.8248715048870757,0.5204504642666973,0.2211047963657244,0.4182641064271812,0.5158935890123513,0.4856574427507032,0.5794690508362383,0.3211038994242062,0.4480994038224085,0.6533287972024531,0.312724928981893,0.6714013359346417,0.6976793298724929,0.3889980419889832,0.485608169956069,0.7457492444943798,0.5589281233296938,0.2566656801296929,0.6882598506660567,0.3723160026208181,0.6657061945064803,0.2800240865285118,0.3354760269014334,0.4884243313443898,0.6737569851620235,0.4731161482642214,0.2340562259890915,0.3798051453311912,0.2824633006277441,0.6494296583648805,0.2655416644202369,0.6520120728216198,0.5491115830378855,0.217968706075095,0.4220291185023365,0.5097244866855507,0.2771129512864029,0.7008188417995108,0.3818709180589284,0.7466011814278014,0.4875271059579595,0.4222316886724007,0.8650252319748638,0.4208636327581156,0.5721645739293447,0.6642386769262881,0.6260378763273156,0.3852751457360867,0.4170100470038738,0.8152644829550814,0.7627402558653955,0.5743032767070241,0.5303103711025915,0.4417512304529912,0.2329969022421191,0.4135852744738424,0.3632651990815664,0.3133894834002361,0.4757139429789678,0.6587452038288784,0.8079996218000165,0.3364228750802576,0.4478141198982965,0.7637988922856206,0.1177714426273451,0.6421235366972917,0.8108323306821398,0.4132561046461074,0.5312140669140976,0.4228435109388704,0.7177727930329626,0.6748434834378266,0.3462545069015096,0.5693755770717803,0.724668429356778,0.4864163999570763,0.4066001749441839,0.7482986037400955,0.4382734745391008,0.2718813102789274,0.411281789569863,0.4394280549702696,0.7020159932249359,0.4410453991628814,0.508961527776716,0.4020209011708598,0.5330531479718562,0.5016815466098533,0.5132925710612706,0.3701020274155688
41,0.6312505922239999,0.4710754499500253,0.4042823209304169,0.3716769389823193,0.5856400371207312,0.569073382244817,0.4081343386270605,0.3485037057146842,0.3654345827008174,0.5599260959272361,0.6033900527593747,0.6575246056222981,0.3621338677058716,0.3809087106300406,0.7130195004516636,0.6003826830948131,0.3278109417454712,0.4062075775777033,0.5784842778463987,0.5315807366457184,0.4002885605985448,0.3181202532701366,0.6668663468347548,0.7281754612100034,0.4720904663397335,0.1813453191031842,0.5620085773174789,0.5506574021996345,0.2405871767517052,0.7747778299744876,0.2560210521898973,0.6160263616001777,0.2392171458372033,0.4007476889492983,0.7828624941607781,0.5083620286251419,0.6739587911430561,0.6577799791291399,0.5093090875271816,0.6995594014372197,0.5448843702827526,0.4658037661508078,0.5489918364090797,0.4414429137737631,0.4535270116106629,0.6074208439535861,0.3463803784823278,0.3173203136537825,0.5284125618291392,0.5782720465176703,0.5711591575876636,0.5567115585254866,0.592980681762091,0.403853098319016,0.524576871069875,0.9105953278207728,0.416532808429215,0.6574257641133481,0.496999821073279,0.4495385077518188,0.3903553919345241,0.4931975356738108,0.4684213499456211,0.6463888229875414,0.3847033480866499,0.2999416688251937,0.6443922456829766,0.4769038579099451,0.7929308241419082,0.5136008668571647,0.3324810989633042,0.552518839426957,0.2832341389001754,0.4264162072489448,0.6217833619538805,0.2482182555556049,0.8075705573157479,0.5332153644271376,0.6963469246753924,0.4820064350907886,0.3751559912883132,0.7049252930237807,0.5314330266529211,0.629867775342365,0.4386679430248095,0.459756939312877,0.2920391859508811,0.6205054884541873,0.6723000473984824,0.8832198061301993,0.350898065585102,0.5979692747243347,0.3204960499819632,0.4539773727876613,0.257559596969093,0.1064742283138687,0.320598059192706,0.5201748091265888,0.593374908078529,0.7802936603357001,0.314722736235878,0.3465542895262794,0.6539152734698678,0.4484043654111138,0.4353121831272155,0.6487872625392775,0.2679976655270455,0.5569220665756359,0.3317716009421019,0.7548519018938408,0.8658486588757847,0.546611002391719,0.6058850695938532,0.6548972032049326,0.3912607673622599,0.5241129300362405,0.6897668576771884,0.6173472111078073,0.2606988023391239,0.6501434583565641,0.6330663532425055,0.7196949810412198,0.266461776904141,0.5033023573911067,0.4412188708771197,0.2828040094250385,0.5568376895518217,0.8245047647293644,0.3431826761389099
42,0.4744148225143775,0.4877479107380935,0.5143500084743298,0.5487831349310823,0.7247764131280482,0.3406864750693269,0.4632995084816349,0.5525806293410338,0.481435507581105,0.3901120352975213,0.5700481278634746,0.2546745944994232,0.6766905237890614,0.5090074767207071,0.2347516715090477,0.3072080090546876,0.6414439707269994,0.7472090442314738,0.3886373743137662,0.4546507864348281,0.5925250089006191,0.5243188942851389,0.4234003048754745,0.4976807989099219,0.7129802471911127,0.4830669018035766,0.4452588293958625,0.4800230597946979,0.620832269916952,0.5508895892058483,0.8009752837508315,0.4773982713725918,0.5087955019214676,0.3588774903181818,0.34126462714545,0.5008341319838879,0.3604634217377813,0.5116803920521737,0.336421624695208,0.2552978277907023,0.8140375396606263,0.5302285264963306,0.3182309202485017,0.6196385270142493,0.6265361727467136,0.2652239249671247,0.4596367104318746,0.6923200297542942,0.7741295584051782,0.5751910711539359,0.4592852881956691,0.7386168027137229,0.8285720740918361,0.6646995026475169,0.4866888616918514,0.3800656565252853,0.7197530635128462,0.5567455259967914,0.3556002464448876,0.4633068130076146,0.5589187927088499,0.4226031669113362,0.8030175906620869,0.5923118287973628,0.6914876408966038,0.6909193049281148,0.5212366858901104,0.3335803776776685,0.2357587316674355,0.5506106622265545,0.5867727228566875,0.5448475589464521,0.6243469032206027,0.3264314217593755,0.5066718785473163,0.6875532160081538,0.4524008052987403,0.4443628467985295,0.4199971415238448,0.7276283351200885,0.6320474138898743,0.3438069799590948,0.5456309560837667,0.3142397793905079,0.5197872641536505,0.4927529521873991,0.6549401426575318,0.4329418428792334,0.3623359590720246,0.4855938249073265,0.792131314796711,0.5811694059400999,0.6086221970821104,0.4004227367103435,0.5594606175396487,0.4634783677890373,0.6192564765644806,0.6820102297468634,0.4413235000033921,0.2765022767313501,0.7929835146455984,0.6733450848497794,0.4012701387261804,0.553343311987259,0.6365291896026763,0.3051718066523617,0.5819190286828193,0.5110049720178467,0.6285040911208981,0.2319195633562077,0.5068188997979743,0.2974829802666106,0.700314191650696,0.330084025446233,0.4401538667816042,0.2890817911604214,0.1792528143549005,0.3331452154313751,0.6160377814195405,0.5177498001286847,0.3038367899197819,0.5231766569998301,0.6605456007137133,0.5960406918085371,0.5594936670045045,0.7723035662617797,0.7190623239469149,0.513827066443268,0.843650675436298
43,0.6351351149371727,0.6355573422790288,0.4935094243366504,0.7802652571064563,0.6387024144668314,0.3323166603170358,0.520225812390397,0.5829905940710343,0.3990679236987011,0.4407621729985386,0.4842487181467992,0.3951323804602747,0.7018394042088818,0.4577156124876813,0.4164273450348472,0.4298660959433777,0.6840811356718302,0.8173828350823733,0.436013523978033,0.3605142925513827,0.5064333321268578,0.4739370604008293,0.2317268629248913,0.3376853804002717,0.7710840294945358,0.4926556805581711,0.3878586116108626,0.3600521424899937,0.7524307799164648,0.510351576539412,0.6160791242718325,0.7017873660939592,0.5459923744268664,0.4600591890541392,0.5593280014672903,0.3081885370003457,0.4465883063577018,0.6865184459131679,0.425253822335575,0.3369467001772691,0.7990236208106132,0.5174264622067507,0.372702853731419,0.6119534667048154,0.7966222259243466,0.3455518786261958,0.4327667398695751,0.7430614646712728,0.775293309299653,0.5955806450670218,0.4197837973836295,0.7115284637099185,0.7548723531182746,0.4958765259827834,0.708669866748482,0.6117077057597003,0.7705620937562052,0.7360438096702038,0.2980515643560361,0.3049977073336257,0.4971182851192192,0.3242486385828205,0.8380952179681156,0.7058830019358358,0.7625594657699666,0.6283284326006138,0.6221703676275696,0.2654336888507101,0.3422495634920567,0.4527976647175518,0.6515712002398202,0.6282891722323076,0.3948498557652025,0.4352129359533792,0.5527077628943552,0.6498845254754543,0.4384403362928094,0.6306548194980344,0.45116238692896,0.6549179166912706,0.6694265963364538,0.3456349908801621,0.3816586219360919,0.2904055624651415,0.4589507358446013,0.4603514528967652,0.5520087356405532,0.3814236133993286,0.4525269219486715,0.56614882296443,0.8086596107502,0.5958676372882996,0.6254215028884967,0.6337742654312519,0.6892911892954994,0.4799637605543106,0.6532541087871011,0.7363150231339899,0.3207246674171503,0.3775247991847569,0.8348288797455803,0.6451459960094867,0.5107106423307057,0.5769223216665167,0.7489373707717157,0.4169050224816851,0.5207457260112242,0.3833913497450156,0.577106801621227,0.265222979130686,0.5541836188724019,0.4629523234324948,0.6380886461507003,0.3511857706715787,0.4921272271773749,0.3596823394827478,0.3177307855850074,0.4071548366643839,0.5373543491399613,0.5892030854157886,0.3960294922310466,0.7304044698835837,0.7049007792877078,0.6542417464643207,0.7061359971913932,0.7175173826841843,0.7923779278050087,0.6097074707982226,0.8130680391802207
44,0.4069889996757718,0.5265691053699181,0.4491036773851133,0.8328115482956234,0.51129666387621,0.3442372194830252,0.5953821207006542,0.597712218554191,0.5618639827875098,0.4319345889144083,0.4391690114289324,0.4539389103085044,0.5294030627692834,0.5975765485681392,0.3649598583352079,0.5127713173341919,0.6331057586341391,0.7873571618128961,0.3093795892261935,0.3209955638029582,0.6345921051523653,0.5171841231084833,0.3587048196916929,0.5325815533503702,0.6158117773198315,0.5506164936748001,0.4651729273978584,0.4079106650574615,0.6201318037203525,0.3809006868776655,0.575153828341369,0.7394928501542637,0.4959798775644424,0.5516775773113054,0.5258111952062245,0.3210914042560363,0.2328935606831604,0.4511971888967968,0.3366328432531702,0.4629878981533833,0.6701205553778242,0.4565120679871214,0.4276787262316068,0.5012415077766783,0.5788434291633473,0.5162876185779964,0.4315026427883726,0.6274968324862241,0.6759767512857577,0.5644157638530515,0.4673191147108075,0.7457529857621316,0.6978501672988238,0.6091628316484111,0.5935080291558846,0.4439206844081446,0.6572096386679205,0.6492328092241315,0.3444279876400757,0.4508795986931078,0.5660545882750979,0.2599522397486873,0.7461883018489766,0.719936444226294,0.6823479981857503,0.4460783254823901,0.3446544285654564,0.4604120800614028,0.3790783620076463,0.3088378069104762,0.6448743175995945,0.623249047005161,0.4545922762850365,0.4418775032791869,0.3903660249254028,0.606121531104129,0.5594460299038486,0.4897070469842388,0.5167527088684651,0.5613179265376763,0.5727036831521721,0.3256760436403766,0.5982127010933906,0.3982779352118605,0.6589099844015687,0.3709616362991291,0.4727444752722987,0.3311615417022672,0.445334879177516,0.4878627231471841,0.8502334256032644,0.6652329004788063,0.6420734941585647,0.4200769070937459,0.6532008624616497,0.5819935519441021,0.6106546211082171,0.7491644657716814,0.4437888008307353,0.4185206278938373,0.7986181789354421,0.4601476985967533,0.4216183376502982,0.564821183951005,0.6717726737725778,0.5647302693482674,0.4482637106918397,0.4595581453314001,0.5107016353127181,0.3744261390717331,0.5317063129314961,0.3211665723156144,0.6327638632061164,0.388925289413452,0.5063434794041433,0.473973328477036,0.3602548160255086,0.508792771619379,0.5145314397938551,0.5806277021732954,0.4302192444822006,0.5540139562936701,0.5753317153100905,0.5650021600487979,0.6419673743918966,0.7588161668406581,0.6758515005929449,0.5838836190086887,0.7401671279484101
45,0.2077406628190821,0.516077265998933,0.6420951755369536,0.2551405993771646,0.5960009861267423,0.4876050561267329,0.6060018458619072,0.7560382190193516,0.7775984628048958,0.2867956253108409,0.2729872056993844,0.6221362330187138,0.4971826156013468,0.4705878866562914,0.3243602821720807,0.577433326523793,0.5057919113032319,0.6648632349763444,0.3737092581432574,0.4120751015022215,0.5657772364666336,0.3505192922251964,0.6287915048025087,0.3503425995874841,0.5235738966030408,0.507497696122132,0.23540084103401,0.4733276134688733,0.307017512403562,0.5749747652671859,0.7072557504417081,0.2453513710115632,0.8232624469735346,0.1743059846160825,0.2352942598456017,0.6946752132492261,0.2370980609054242,0.6686847503407221,0.2724442220059992,0.4420852658652801,0.6946779975770443,0.5817300109610757,0.4003567145364224,0.6385712360243632,0.4604572908367031,0.3408620087604739,0.4990763734467983,0.5848596466325555,0.6326286882934884,0.2716207750902215,0.4602147901795033,0.841428583749014,0.6977756187490181,0.7105665137129189,0.4929716272529805,0.2636876972813372,0.7558980763828625,0.3713784984899715,0.1522525340531175,0.6805475992627882,0.7063110443196094,0.2048227748533188,0.6734282507662819,0.5015734754246924,0.5401846817625254,0.5115585748752361,0.2525427489049317,0.5100133408008211,0.4978843190611102,0.4319289752547052,0.6540278257801964,0.7028399804068022,0.8316008651408815,0.5571763937698839,0.4880495353238657,0.6509015957424928,0.5248665881509398,0.2061842648840383,0.3257029544904208,0.6964188844421239,0.6050024364963394,0.5512909635218463,0.4432283858774457,0.5867091469184175,0.6597993736237258,0.7461819212466823,0.7975893421290514,0.353689164624476,0.5184723954314109,0.2026888396014831,0.733226744297521,0.7223170137218105,0.756062206076579,0.3808267489539745,0.4060747328099994,0.4506002869443573,0.512793754061269,0.5810958940984519,0.6223653853809508,0.5020331229341787,0.5624480916892438,0.4372473995784775,0.4640958445696788,0.6006519024672134,0.608953112664887,0.5852070733674464,0.5376206487039281,0.6615252920174606,0.5253253118026477,0.508896889522046,0.7529601819155491,0.2938534598993747,0.6252908795926932,0.445732389310761,0.5945265441854816,0.5100205869805136,0.5166655901001024,0.233218717339574,0.5967589655251454,0.7456835452598534,0.3042199562245943,0.4087776554728896,0.5189182895018921,0.6194395039000536,0.3469708064931571,0.7877934194330647,0.686033907873663,0.4941838028539425,0.6449322490269674
46,0.7776929321787232,0.682595470781167,0.4542588728660587,0.6870583016903035,0.4279116221055274,0.4748065183961731,0.4148502612456772,0.3604962766451507,0.5388912630079001,0.5459657268096523,0.4858369249477026,0.6113547097756944,0.3552753687719188,0.7432679448929036,0.5190365875545512,0.3056621249951039,0.5651592808104086,0.8004600123680052,0.418923646878254,0.4031405211780339,0.5426513787598296,0.4675943430859404,0.3398958455749933,0.5275740670124534,0.79441676561937,0.3155112999945938,0.2799621884883034,0.5038941966390763,0.4416563337324985,0.4627915388076914,0.4757926897924871,0.7446813464872365,0.4542166822526767,0.361811092539203,0.5959504043808215,0.5948081338259296,0.48862173969366,0.6155866843648039,0.4501408266163186,0.4791140275299115,0.7030428812029003,0.321391162387687,0.408017445996996,0.4440697445163305,0.8280825072571261,0.4934112317392285,0.4384595953921222,0.5771862083502552,0.8051184966989173,0.7527226627424545,0.5017856593934199,0.7505909543263162,0.7579212931042663,0.5222562282553878,0.4619313243021109,0.784123681745053,0.6246843995923876,0.721675094295845,0.3718480725260565,0.3733218005040761,0.4722022286843569,0.6097177857558707,0.73924757429745,0.7810726366042358,0.6713415866731538,0.4382090706566661,0.6533874531476632,0.1897279091696084,0.450167891717055,0.5662555155252069,0.6085767944587627,0.5004597108300536,0.5177340112619426,0.423217991901785,0.7462130890873714,0.4343799219485043,0.5286247833726772,0.5528102173926125,0.3651065710964437,0.5659967283819243,0.4432754330020777,0.715110867557375,0.6256154487198642,0.3939428619579224,0.6118419247867883,0.2884556966039308,0.4387512381585875,0.6042373430003716,0.4447099829467609,0.8238716055936337,0.6012835950991499,0.814718621969913,0.5670363800577269,0.1767236460390203,0.4009298445624938,0.3085803558721664,0.4132552009115627,0.5052355154106745,0.4835712247727053,0.527676141452223,0.6073442671515522,0.2867866149457597,0.639666730595482,0.578944529892369,0.6886659302372313,0.5486490804941411,0.5522309926856577,0.4850171763984642,0.5139403862274291,0.4182573628803354,0.5628756548119618,0.6473909090906287,0.542731012857526,0.6072735566372487,0.4253387560966489,0.350467822737196,0.3718018718664895,0.5175408290868786,0.236321583187052,0.5751299315989007,0.5376582557048828,0.6828516813913805,0.6957668424583505,0.6583370769588645,0.6202463883730945,0.7048895159252875,0.7306236241426033,0.8812522946904762,0.8785209268435097
47,0.4561657807183601,0.4943738762997341,0.5650192880739375,0.6245628030675925,0.6139991058046481,0.3557141911906915,0.5136744085810107,0.5019710890378648,0.5471108762667343,0.3702590752430338,0.4905436905656438,0.4570224309710933,0.6368337700877651,0.4611011038157057,0.3450809408512342,0.4102332257833149,0.5956712615649162,0.7713259455674328,0.3134188495910872,0.3719075581440936,0.5787400940033357,0.4813309047823455,0.4161738014215212,0.4627806919832929,0.7170747265360644,0.4507465697842369,0.382420613080265,0.4570995966988255,0.6206598518355453,0.514614860301881,0.6601820529603105,0.5520630117168561,0.5439900038699683,0.4167109463299463,0.3340746250444074,0.4421417502819774,0.2943651622355386,0.4940665965507103,0.3560452378131487,0.3691408675604534,0.7979554944740548,0.5021242421985855,0.3719673650243702,0.6228030502758757,0.7344152045096363,0.3725173938435341,0.4165300182826892,0.5736652991248963,0.7229823874692269,0.5416062029844041,0.44579969425492,0.7886625874812916,0.7766476610522934,0.6105946537034526,0.4624349629022026,0.4854293008576576,0.7595079599391341,0.6901455725317718,0.3400325826502409,0.3910202355807645,0.5960772569057387,0.3719708859363992,0.8415916797696933,0.6804151079920525,0.6924746303414546,0.5921502254108271,0.4478718415556321,0.2973802410635251,0.319484026792915,0.3981145202976882,0.5896310820863488,0.536035750739624,0.5034036315221817,0.3147779799686679,0.601606332407625,0.6118794631660767,0.4590405179959056,0.415828946452497,0.4629208055166796,0.6341839794199502,0.5718231262351103,0.4647224599593482,0.4509148579050422,0.3848098181842816,0.5517766797594282,0.438310320440083,0.5933922210489183,0.400610812041515,0.481026322921729,0.5651331122533334,0.7602007318538339,0.6407744780360252,0.558044760455515,0.4930640134928729,0.4598331033134795,0.4199666852359316,0.6088034161870175,0.6863838294272189,0.3839922971354292,0.370964491514206,0.780658206745276,0.5363496735481585,0.4305272040729299,0.5394364041950886,0.7267353912019561,0.4149491435492549,0.4651931329386547,0.3861617958951926,0.5769173070037785,0.3444396921080151,0.5280111315925238,0.3744468532342263,0.5741956813807642,0.4192142502499073,0.3459626581513387,0.3335567445876289,0.2739475439369737,0.4124679647184507,0.5144561914398882,0.590345194267941,0.3450844197088872,0.6023333600166629,0.5982606825496826,0.5739070201557033,0.593578053621731,0.7941063959082467,0.7535538126599431,0.6458418035055378,0.7678841235638154
48,0.2860858805915819,0.5247616190614508,0.5859192828903795,0.5816571013352096,0.5863381265284815,0.4261148750569176,0.6453944447039446,0.6630289593804783,0.6772790754558431,0.4218360936606991,0.4050423699595995,0.5182602701030062,0.5606958011613449,0.5071552066257299,0.3245525048338269,0.3915536048670301,0.6247457455169859,0.7513522878208762,0.3423388567505245,0.305985789202192,0.6296556914791236,0.4167985542219082,0.3621444780454499,0.342938079011746,0.6671310944719376,0.5301612128784492,0.2824546773191737,0.4511751901987791,0.5831702294112939,0.4916537414419761,0.6272093191409613,0.4590090818386409,0.680991496903208,0.4452541472636934,0.3862618760532561,0.4526799613055494,0.2707977524003608,0.5429163649437303,0.3058732053204846,0.4175831112640332,0.7427764511458712,0.480143993967894,0.4757389392934582,0.6069816223206439,0.5735376380346282,0.304020614297198,0.4160881777611047,0.6178657829621739,0.7325554985531033,0.5031218452978196,0.3462255318183123,0.796184268522578,0.7261242875060315,0.6036851539420383,0.450128587440622,0.3964396319180341,0.7376460564813401,0.5270861790901393,0.2502733091954592,0.519502579602814,0.6623109793104618,0.2354625408593157,0.7892715753070808,0.496889957595373,0.658379794538644,0.5747663079250572,0.3694907049878555,0.4536070141535556,0.4763588057398573,0.45646339179337,0.6548453337462877,0.6412894181037903,0.6328303076318802,0.4288914109474313,0.3882721853225787,0.6521063262163702,0.5460527846969723,0.4054651901244945,0.4471746881879879,0.6218775407004633,0.5565894828302503,0.3501650183039918,0.4167179554000662,0.4484017026836488,0.6287182175622361,0.5684725066013046,0.6301621444069686,0.3399736448943087,0.4900216554858292,0.4429455518001172,0.7818142618217307,0.6712130477134237,0.6494660702401949,0.4302941215049343,0.5247681956409723,0.5338778122826975,0.5743458705659115,0.5304337103571536,0.4202010783309078,0.4191726635259195,0.7604551306641796,0.5243561441097984,0.3793224561394154,0.542301214530502,0.6831478432283211,0.450714410407917,0.5270914068316664,0.4826499609127087,0.5062168202697983,0.3635469768618623,0.6463215112152367,0.2873891727775747,0.646179029582622,0.3801085463970299,0.3088377764962303,0.4081834317953656,0.376560941438921,0.376121217214858,0.5414805995831069,0.5845020979343063,0.371756556023642,0.4928716656748113,0.6516016305634642,0.5951436703736296,0.5194682256244884,0.7909217425459028,0.7153560270608829,0.6056386389527522,0.767661909779511
49,0.4461525085224479,0.4881943019237905,0.5426181534023411,0.6437763155506593,0.5822810727543444,0.3542669827518596,0.5643394236468395,0.5655923970821759,0.534256662150847,0.3378406651677615,0.5212915966705234,0.4245279124853825,0.5835184947240857,0.4520561335282551,0.3828758467040798,0.3473441241844359,0.6088802453212356,0.7480415862852348,0.3295656396308432,0.3899570690609552,0.5881994222823306,0.4799605723637883,0.3772969558008353,0.4479529567215737,0.6649586765979412,0.4047715817114509,0.4073617813050702,0.3859559682745883,0.6060040812003016,0.4795591583248175,0.5921197955207536,0.5956512449459594,0.6347714753081428,0.4394179439669706,0.3469969406670686,0.4433041269688849,0.3086857723872248,0.4606661539977219,0.3311666522841638,0.4354536336992295,0.7861063923150676,0.4199800385026793,0.3454032317465961,0.5328808889971703,0.7623847793936154,0.3571471484002892,0.3709143146886003,0.5598603266306335,0.7149414506783427,0.6202856658926358,0.4365694027320266,0.8253568548838928,0.7622984182105252,0.6058358874588057,0.4304279064716775,0.5193093627398974,0.7767925215753217,0.7024700693866343,0.3266172352895498,0.4223713947861436,0.5809854283603177,0.3648369188719544,0.8253688578247764,0.6689595480080452,0.6817997726367981,0.5646452409399815,0.4272408364999315,0.336982802062502,0.380745870060553,0.3987325217722218,0.6641248627963119,0.5340210268655488,0.5076349718588795,0.3337564052838365,0.5779796417054641,0.6411162316132835,0.4886888861125211,0.4085575200620364,0.4471295311547858,0.6337744058885855,0.5428601731401623,0.4468119941803551,0.4385410629754586,0.3879497292036463,0.6120950934751206,0.493080512223554,0.6222857326933815,0.3192447514591513,0.5374714437141672,0.5354556174172134,0.7692638948887935,0.6544870572300883,0.5838199786875261,0.5105142360963779,0.5267070009803786,0.4296023906002342,0.5667733964704189,0.6438049141761233,0.4362199609492422,0.4097706272449875,0.8007690924033647,0.4859243767135294,0.4826544575597437,0.5033651577597099,0.7607243697507461,0.5053409999727603,0.4139659485428373,0.3853528722248324,0.4781872385726526,0.3967520739310638,0.5595214400776651,0.3135199041077768,0.5918646679106963,0.3735628764250875,0.3508944357899124,0.3492372952354039,0.3651867370922557,0.3656572892761861,0.5231155492990645,0.6022451397063302,0.3882116545786968,0.5652756287582449,0.5753533022818422,0.5084348823251097,0.5868718935634399,0.7872527770312945,0.7813063545715189,0.7064612781152737,0.785023545140787
50,0.5321253087276435,0.5289940086003658,0.5808321561028311,0.4790579054683965,0.5690352080122416,0.4442168060739703,0.4824378318696439,0.6288339226451805,0.508288294928994,0.6184638329751431,0.6451520460376092,0.4185734198017848,0.594980654293785,0.4597046349177383,0.2716663727511661,0.4490629149226354,0.5593545021523376,0.6766812825283344,0.3212509682518827,0.4230183351976188,0.3888921047033465,0.5163410846992131,0.5413720202973591,0.6080699253908661,0.6904641295798494,0.5652563514104165,0.4675365819061768,0.6312213759256071,0.4939460381269343,0.6700314962741294,0.6642692295217425,0.4434108468928902,0.6159473298904652,0.3482628314545541,0.4316346362767064,0.6752474838084895,0.3521667331998999,0.5582414962102894,0.3539254388713597,0.39321274451765,0.7446417112992919,0.4634485904801072,0.4330042324000956,0.5017721003977494,0.6006268848287231,0.3008835852207232,0.4826071842780364,0.4882884418387238,0.7003075513129147,0.3598648906941222,0.3617081281591759,0.7091182685466186,0.8379653473188388,0.5835536235675354,0.5724576553275803,0.5339852862732075,0.7303688025203325,0.5965806772350177,0.4452919221051494,0.618366420804878,0.5131932333704805,0.3439759394082,0.6842723061271923,0.7776036917880083,0.4630951951925133,0.4486107833352623,0.5895502305551157,0.2890848124171692,0.3635068071474254,0.4153846004648281,0.4859402748931425,0.5434702150242241,0.5548971136968541,0.3702563899797981,0.5362116586543656,0.5308708962651786,0.6596913819361863,0.3567223341103834,0.4590276629363236,0.6565240194006047,0.5463895160075991,0.4708244553605408,0.612943243737337,0.4872547747537284,0.5984766064881242,0.3033295664676918,0.477061913012655,0.4379024042165781,0.4504403094460694,0.6326980964040321,0.7226890577759901,0.7403824523631958,0.5556308893651185,0.5617948684172456,0.358333600438862,0.373410797081644,0.3341487684937323,0.6917692846750715,0.5179806023723169,0.3976233684854302,0.7371750903550003,0.4056867110384807,0.346190622258319,0.4737272959393793,0.5351842660821797,0.4715483700925458,0.4101123205810526,0.4370521557597928,0.7003861088049157,0.4606379528003627,0.6093792811570848,0.2978298999614128,0.7305069066692803,0.4682647664998553,0.4402459775997541,0.3587857493184052,0.3304829945468653,0.4858445557112731,0.5253243655520392,0.4707919846486008,0.4657942490669644,0.6719583043144242,0.5727845046023636,0.625582638032499,0.3904558023542506,0.6372350540741738,0.6812699132406372,0.54649834130919,0.7962374982839149
51,0.3131298116037386,0.5779339290238086,0.5718274618100165,0.4351095967386068,0.5192341734674103,0.4949700511817408,0.6346872554160147,0.6901514270520255,0.6930443118256878,0.3960596492663982,0.3639045833616011,0.5052477227452028,0.4834534901756389,0.5380346052494859,0.2444010718488558,0.426760366281277,0.5943124513268802,0.6262576083353734,0.3902376798563725,0.4067483496532642,0.5061748857440254,0.3321371876860636,0.5374313219654006,0.3857075501292819,0.5166236714560558,0.5269794503921993,0.3373910416417578,0.4890014447070639,0.4372912735648825,0.5104574941018498,0.6883929371717772,0.3480470225431241,0.699506297960938,0.4994265082276345,0.30449066433169,0.5495785680165035,0.2453289774456879,0.5019988269591662,0.2497249592743453,0.4328912102432086,0.6312458873133928,0.6427277914152201,0.5233613798891883,0.5168506692148629,0.3867659417697723,0.4481448165342474,0.4982129881822256,0.5175448608920297,0.598092529328748,0.3628993557198827,0.4782394278149238,0.7289167019807178,0.683145287841787,0.6155485301387411,0.4171557147380736,0.2817332136420322,0.6414813263162402,0.3049520213384926,0.3655187849528649,0.6729098049869958,0.7168916692584724,0.2750024529660096,0.6103625614929394,0.5324173155076887,0.5008933870617676,0.4637042023211446,0.3113834237976581,0.5287913972659584,0.4721814093265622,0.4318264875892365,0.5821943640429412,0.6843242873366472,0.7555509313211215,0.4365564607255265,0.2500647630435855,0.5955454734280636,0.5403859349151785,0.2865123676629677,0.349710100269152,0.492115766646549,0.5503495070437878,0.4324042979347122,0.5188387678775723,0.5028302456075233,0.7262125094591185,0.4628335834561697,0.6949317036327004,0.34250991526496,0.5331578816620366,0.4233112328729606,0.763008138358389,0.7764175981591168,0.7027787824304446,0.3355705562581594,0.3432917285245506,0.4577552414531096,0.5063838081613835,0.6282372033919013,0.4632041974867065,0.3817252689483288,0.6274853089192817,0.4707171714499233,0.445852676430871,0.5119386695659742,0.5421601868765197,0.443095818565241,0.4550948901786674,0.6359496854896594,0.5246640845916313,0.4461371268453881,0.6466408466285178,0.2299900873148584,0.6913113645177162,0.5667302810374013,0.4643488090277018,0.4251917296596735,0.4371773536289524,0.4285250091538304,0.6065105770769037,0.543999772088081,0.3673821666045396,0.4103344028189256,0.4500881829989704,0.5525440826273355,0.4028761856969898,0.6971652225299463,0.5819353736342243,0.4306649573541902,0.7081625731123737
52,0.5004456539694013,0.4401632758854902,0.5437127129600179,0.7142836447592208,0.6400776968467623,0.2701237344407394,0.6378176760720227,0.5273644756081853,0.5638219868656693,0.2945254282268039,0.4893426139887763,0.387275054749147,0.6159595050697805,0.3776097958674805,0.365015683812613,0.3461880144961379,0.6795610312227836,0.7667281360323276,0.3665491781076854,0.292523880878957,0.5736146836514759,0.4559996151486539,0.3578985396711994,0.4806725545846103,0.6759778084578743,0.3536511235047743,0.4588273444442036,0.3359612945293537,0.7324642139902071,0.5067730474464961,0.64426836892738,0.679952182131848,0.5979009799684682,0.4483819862655731,0.3992328316688451,0.350069847313881,0.2914199036750571,0.6264590728268318,0.3113739036242049,0.3683004160811604,0.8406175027423799,0.3543477910499713,0.2655292379742799,0.6740234793081015,0.8277354047285979,0.3612932465864403,0.3558897176883491,0.6369803863088914,0.7289456400716798,0.6778713065214549,0.4112677086808726,0.837910292995358,0.736230980665999,0.6312540764113566,0.5574551163382981,0.4622315470985491,0.7870551267722108,0.742999994761417,0.360430077160333,0.370653672174333,0.6126637813673808,0.4319082654696791,0.8753626745952074,0.6368725956573775,0.767581345154662,0.5639945137319273,0.4913968615036803,0.2596986431989996,0.3224841807445328,0.3972748363888699,0.6358051666787532,0.6088752409041128,0.4513579897233707,0.3713953403809659,0.6399058452405456,0.7108514430617079,0.5104669704892835,0.4304372412815149,0.4404756334007832,0.7070142089667149,0.6446730538802867,0.40762363540425,0.4296899631624066,0.2845061734363237,0.5396535351455107,0.5304449918087005,0.736002868080653,0.4162226902030962,0.4545809467395878,0.5081052828194361,0.8487188153045295,0.5750680971933426,0.5811679029839603,0.659762898854503,0.653446989936534,0.4422391482252292,0.6840352242330654,0.6794964708045519,0.3033707262911251,0.4090074529099941,0.8779173173476403,0.5174538121808483,0.3880697371789565,0.5729797169174888,0.7598505328366059,0.5417135223677131,0.5256822743142511,0.4306567965780985,0.5106270011999978,0.2567615761160977,0.5797963133033197,0.4613377390593387,0.6168840190245835,0.4067527275022303,0.402465252758773,0.3463575748429521,0.2388549536205195,0.3653791101317784,0.5871812209013527,0.6706173475803725,0.3487516299812917,0.6464457411788346,0.6265771576361117,0.4627401844415114,0.6993800261678271,0.7781296422405695,0.8431222871633971,0.7399154942849362,0.7251360880043614
53,0.3823113945563595,0.5160196339026989,0.6077649685158204,0.3435709215907283,0.6067992103406084,0.4309787147139634,0.596024139459758,0.6448689861033667,0.5668476952023672,0.3887640795488625,0.3982470580666524,0.4967910275454063,0.6434832081134501,0.5814707165750657,0.2832027383148138,0.4679552988499251,0.606909285518529,0.6647294789209399,0.3871573728763192,0.3433992135514283,0.4601464214642248,0.355975901258507,0.6565761125583438,0.337303286921467,0.5397042455131082,0.4993711906371514,0.2979358997742178,0.439965356576155,0.4780962031284224,0.5194644622376738,0.7262517075080186,0.3182075186695586,0.7412885548269323,0.3441220720468082,0.3370431018461325,0.6469850264267774,0.2711014102665529,0.6071071545621579,0.2534328102118467,0.3268198986296884,0.6829324465103193,0.6777637476285522,0.4489063396473386,0.6369894116539729,0.4937549032500474,0.3752957676317143,0.5314173984152357,0.5571096830996903,0.5923238841745775,0.3886395528268622,0.385796472483182,0.6943385437844962,0.7925912631951024,0.6616894153443558,0.4445694430261938,0.2511853090269954,0.6527637927201735,0.2919258832997091,0.312447995911552,0.6113359046895339,0.6960418784129061,0.3215621978007023,0.620357192415236,0.543177997386936,0.5390161398799442,0.5720237057549606,0.3799309949056866,0.4283001204998359,0.3765837360367169,0.4601305207933053,0.5059200346422286,0.6891750722353371,0.7852231789641222,0.5116592312612778,0.3227818028531519,0.6235009822341919,0.5739914037765438,0.360072995722909,0.4075754018155659,0.6837621840028251,0.6297008775601893,0.3107712666318425,0.5086267333771999,0.4226283314613505,0.6588118660857497,0.503990372304562,0.6236841977028634,0.3935442235860905,0.5232291460810692,0.4200843700325171,0.7606182584142378,0.7702008076938612,0.6339645838317813,0.3311056941597036,0.3586874867046257,0.3928764700787712,0.5283722558133932,0.6653966780786965,0.4239632273227723,0.3297789738179445,0.6347031337787623,0.4602611885886969,0.3620413454679304,0.5109989460118896,0.4568247923628211,0.3880332952718486,0.5056164292839358,0.619159213928225,0.570961305972592,0.3230118808113992,0.6443081029151655,0.3156437532688424,0.6776057715602778,0.4842275715096485,0.513324307351856,0.3086098258592633,0.323785244918027,0.4139972324927681,0.6321336155905511,0.5697999488141179,0.3231421291460117,0.4316684628399768,0.498681143539278,0.5000129821649928,0.4314199576174933,0.7260753676805111,0.5925229243359116,0.4363345245393758,0.7076949709492734
54,0.5288729042008355,0.5087571784925138,0.4852146392163597,0.7397007496005842,0.6081033343728637,0.2947307796167474,0.6228626155017007,0.5978714177547562,0.6454844764344446,0.3483841657892482,0.5480715519669773,0.5147582231084727,0.5643924791466821,0.299204365224692,0.4296275765754654,0.4487316727692351,0.6694702024324055,0.7221931222569231,0.3469893648621208,0.2887576129106752,0.5236988558694715,0.4001470620436139,0.3323251190382388,0.4186058796440735,0.6599816518574337,0.407100922638104,0.3892043062846846,0.3701284750773012,0.7373469469931727,0.4293032022205082,0.5908296942585121,0.7010111503700907,0.62421864407105,0.4670050041855368,0.3717561179427947,0.339163124345583,0.2734200871467643,0.6481783797166502,0.3850545340840088,0.4437229308834606,0.7880173981291858,0.447864622541258,0.3388720864461522,0.6346806343006555,0.8123921375231318,0.431519461359883,0.3732020252347987,0.6355384999352751,0.7230008267637145,0.6241551334369884,0.4066422041720803,0.8277138831860298,0.7055481259372731,0.6071756858369711,0.5910570736693386,0.5007083777057848,0.829141942262442,0.7117182618641306,0.3684807326189674,0.416187053039708,0.6160049474708187,0.4108319155302747,0.85813329780538,0.5871782857385944,0.7285080099778524,0.5887842197972628,0.4626611774981867,0.2590053815103956,0.3931555751769417,0.4954155515246506,0.6305197451400384,0.5913293793831225,0.4401768480181115,0.3756524866366419,0.5604175004524858,0.6834005393795828,0.5183439955396295,0.427779680925264,0.4433757492816426,0.6384259623472559,0.6376495973241498,0.4044674631427555,0.4414843581094427,0.3838060163629274,0.5698602564467741,0.5230011032739105,0.6304484415529759,0.3773865770567637,0.5779773424778043,0.4536870241895545,0.8071666980695563,0.6022203296624782,0.642113161728368,0.7224782845122981,0.6484895642822138,0.4940217305179013,0.666037470677733,0.6484833625360523,0.3039436208301982,0.4780828235088216,0.860400237842837,0.4337693697524021,0.4916059428307314,0.6506679490240892,0.745367947832088,0.5687861237182761,0.4430571955377462,0.4255046723694348,0.50114156577994,0.3784962466391736,0.6226931591100888,0.4357804606190961,0.548852373258152,0.3654674782173573,0.3344553448503818,0.4298809734353711,0.3510020122191664,0.4147470547548508,0.5689643090176348,0.6094810239238181,0.3570945338657212,0.6108145394105943,0.6058031641947815,0.5311742617336469,0.6745349438415831,0.7823712393159705,0.841551157529535,0.7268989103950778,0.7014032199571499
55,0.4812563142733206,0.5545551657500793,0.5305876098117032,0.667296698650169,0.6100476089598696,0.3308078139084749,0.5711581238914435,0.57776672147002,0.5921310672258298,0.3710246353141662,0.5101611247941611,0.4264320081897595,0.5896182320671244,0.4134091567893013,0.3755433679844961,0.3930878702058519,0.6510340228280156,0.7557566563584852,0.3179932797443069,0.3143874176270713,0.6453379687749068,0.5102807243795274,0.3955749441537907,0.4193573933283674,0.7142386179158698,0.4363691405236993,0.36644798971684,0.462624941761274,0.6166997859870602,0.5241818647632166,0.6604197750015743,0.5987043929319722,0.6134659648880421,0.4662838006589643,0.3752748693554784,0.4032744952442586,0.3133040959758767,0.4878467003883064,0.3776729464353105,0.4045740136736002,0.8075275564524597,0.4122095223455779,0.3910375935171426,0.6070544954440711,0.7921392079283964,0.374540717852081,0.3871787630383368,0.6189570926521217,0.7645343207547066,0.6535764147449389,0.4227792999905344,0.8268482148841678,0.7618482646181335,0.6208408344264105,0.4802645688817101,0.508709513371554,0.8175882894129793,0.7275320089043459,0.2987939023470341,0.4312142938084244,0.6178291222633894,0.3555227836540018,0.8530916854299349,0.7053440387329146,0.7198947062037852,0.5968747811003431,0.4800262007796481,0.3041900345408621,0.3583680833910344,0.4549402736451143,0.70064563388696,0.5887535694608712,0.4961677976905684,0.3040229920181116,0.6262701327403187,0.6579435489247498,0.4838601459718649,0.4621290994717869,0.3706965560253793,0.6383551256787222,0.61235355394229,0.4614251626406223,0.4831309377757342,0.3987508063194421,0.5610570884806033,0.4937248207974689,0.5714974829107219,0.3543066995783611,0.5446868505349216,0.5762989506872584,0.7842003982860358,0.6052968357425365,0.6326067901973462,0.5509782996141801,0.5406626675704237,0.4932279261742098,0.627391562894476,0.654683918488498,0.4056571178750652,0.4116681812185026,0.849867823338514,0.4682667619312239,0.509729949329538,0.5658143835874523,0.7846737186212749,0.4943480755735243,0.4886571807927803,0.393890704916807,0.5389486319149649,0.3548614331928173,0.5496644408691873,0.3699413164667395,0.567920326222654,0.3436217235251097,0.3667075256858757,0.4047890244373655,0.3291455587945812,0.4063789414081159,0.5117152381939131,0.604734266736188,0.3509123071304681,0.5841581818255756,0.6672569942644058,0.5965750889375966,0.6418467582211665,0.8128446698966577,0.811651099309134,0.7244046552766938,0.7834563139930901
56,0.5554698385443524,0.6709711257423095,0.3842690449605815,0.6936188232265135,0.468371953334586,0.4019750950112942,0.4727484964963277,0.5846565633571703,0.5463673728023055,0.3968535130671553,0.4826565533371003,0.5153821225902492,0.4543905541190485,0.495360663559994,0.3946861203173181,0.4190468920091333,0.541688106084873,0.7375970806503893,0.3729752794809786,0.346545718460275,0.468635960636677,0.4266568104246289,0.4101812007796406,0.5175204106007538,0.7439277176823842,0.4118287286916825,0.5177007395580543,0.4863361791707898,0.5563004898855941,0.5369841088806175,0.5245238815760563,0.7177585449132551,0.5634140355438384,0.3752454045972977,0.4380056274809392,0.5078146129865654,0.3627490437015005,0.562938741119724,0.443984686982119,0.5189398984984683,0.7116542929232392,0.4799123713398803,0.3494046198317297,0.5642567120935792,0.7619309649858378,0.5282491757837198,0.4158085286261843,0.4911074069782027,0.7392071386619572,0.5321051689867267,0.4743246400866515,0.7699841410921182,0.7690404089529814,0.5215418745509737,0.4938733529050633,0.6243148354261663,0.7587344085189175,0.7602655189392261,0.3136384453450827,0.3696311642980759,0.6243380017066182,0.341959735137647,0.8163114518421442,0.7488128194118296,0.6398133944422251,0.4610662830033346,0.5069720788521512,0.2568130244229072,0.4314150596873575,0.4111309444744299,0.5775427873521568,0.5777179006232721,0.5115755066228895,0.3794541113903312,0.6265346620524375,0.518119250027232,0.5821107960059317,0.3992570284900774,0.5069991716895281,0.5280850524744551,0.4938638325642555,0.4945814666293485,0.4889868230752677,0.4134993939148479,0.6262171508401349,0.3133568985788926,0.3607977986563858,0.4415324355425484,0.5220150936996324,0.6338244621505218,0.6845216855461929,0.7332294930137115,0.5485475878565882,0.5378179510406678,0.3320589048052581,0.3600198285484693,0.6120127049065148,0.6812247705988155,0.4153682772701295,0.4744987701563953,0.7516052265269786,0.4313614574393555,0.4704882669679708,0.6270267265243662,0.7222105395462848,0.5022675201269005,0.3935065486758844,0.3635702692312904,0.5610215395460985,0.4533720659222957,0.6938674129738979,0.3931326105900889,0.5543113618482152,0.5711501742426532,0.3814842713397233,0.4298748130546114,0.4074058671834049,0.464111823124364,0.4013816644796515,0.549693638691219,0.4932915463778383,0.6871630624174024,0.6832812442111642,0.6498204249445976,0.6518753258861196,0.7598325006636932,0.7497948501491742,0.7588000839173529,0.7514890247075572
57,0.3291140433766523,0.5500498637692373,0.5108026297065069,0.6130045118002432,0.6274540219104494,0.4503061812935847,0.603649159247061,0.6619818361567067,0.5663224911635406,0.3828489246870312,0.4681743680072467,0.479752181402455,0.6769431931331852,0.6157368961725069,0.3055356351424352,0.3144618950714448,0.5966086918074127,0.7158160991321751,0.3978480558196989,0.4201252414676177,0.6862897871118372,0.5384259527482579,0.3822892931509652,0.4527193989286462,0.5666560852702838,0.5227841332112086,0.3529575036121393,0.4367396162656827,0.5091928737069837,0.4839088688647619,0.6169268550948148,0.4238169415528305,0.6577994574249606,0.5046255636228673,0.4047524905863794,0.4511018965619646,0.3170483172379665,0.5174337233975872,0.2805104071387261,0.4152353366149021,0.7088871839481641,0.5126959165822775,0.364898318942299,0.5705918821866001,0.5397130598008095,0.331907791257244,0.4292186121333131,0.5309170654139161,0.6784530004177256,0.4792190104960266,0.3737897672557534,0.7103851977994549,0.7185592385844334,0.5089582116575707,0.6439690265139508,0.3330046379893658,0.6892343753757865,0.6229971392778619,0.3659327180376297,0.5344611768572829,0.5099177236272558,0.2916465219976152,0.7681977679749918,0.5616489764045899,0.5767230178693654,0.6033706755889976,0.3941778248380615,0.546523332444521,0.4027208677520236,0.3556983015379205,0.5963429844536785,0.5987773165287438,0.5230739929050245,0.493853066807791,0.4290878352776174,0.6272232829514842,0.4199759525916922,0.4567004321907557,0.4558775074935536,0.5864706946547413,0.5180927424576494,0.4488227633019908,0.451019060104208,0.4301560852837046,0.6498041197507397,0.5302783595257974,0.5832910310096181,0.3747076585960369,0.4920375299261528,0.3984592289115531,0.7745668076279891,0.6456043770670377,0.6460577326268414,0.4690643459305696,0.6436895760424899,0.6158493240876874,0.601853237942219,0.5642255540215979,0.4077383942134043,0.2812075367911142,0.6826480589304258,0.5204977111013928,0.3847555946549175,0.5034167931929776,0.6633574171887563,0.4903362110519809,0.4853799384904,0.5150195646638294,0.505869437127153,0.3557252594373592,0.518673056883682,0.2894433274545219,0.6203936675502448,0.449655718307347,0.3990644382286433,0.4304013912140626,0.3448250030996612,0.3266807054528545,0.5724019416144297,0.5167249116969124,0.3561978263686933,0.4857225597838823,0.6556897872198997,0.4792860871186012,0.5543907184319442,0.7739159717965844,0.6533075616408253,0.4747449132700708,0.7583086947927324
58,0.3053034116632552,0.4156906691740342,0.5969092603866888,0.7182502641383338,0.6691070788656166,0.308560983679431,0.5579836489868824,0.6414665722143298,0.4577369137908278,0.2663981711530592,0.4644776183331257,0.3762266564902646,0.5826460773678064,0.6016029832662648,0.2405049454621305,0.3879764709220381,0.7634776589786114,0.806459541970584,0.3429821610145979,0.2936968427379146,0.6649393689011128,0.435917833180482,0.3747946214140544,0.4375175317995163,0.6725288301480188,0.4541608556860742,0.4136027926501053,0.2938145559241067,0.7143105582867608,0.5420400789786282,0.7307565684068037,0.654171532367465,0.5784388936166147,0.4967099995293506,0.447790217458012,0.3952412892371301,0.2349349090629203,0.5148519978989486,0.3070924725177633,0.342257534243482,0.7771411090986365,0.3450563952682158,0.2482860018364204,0.5087046542082414,0.6454170654733178,0.3551873837984588,0.4333088598040993,0.7418247548352406,0.7498163771942394,0.5502830191249884,0.3513190760286951,0.7999522136785845,0.750324416688962,0.7362555223703489,0.5979807031310862,0.3269729752268336,0.7162620014297327,0.5940465903371186,0.3392915336590505,0.4935076633891468,0.5951585487464335,0.3727752650914456,0.8170822810762067,0.527537744419387,0.7687753979804788,0.635053567435375,0.4374251017926764,0.3344510982422317,0.3129517832232352,0.4344670735399317,0.6802700084635547,0.620891892958032,0.53752872615233,0.5200629601519433,0.4170885185643233,0.7263220522540683,0.4651513374240238,0.3911259710039124,0.3374621410934183,0.7625069454337027,0.7225240758835718,0.3627096981427918,0.4764101514333417,0.3253502397256757,0.6020859099893026,0.5470897531610747,0.7150567184341508,0.3673764493480852,0.4999602959151309,0.4471512793396766,0.8711896976334286,0.5793916921934911,0.6707769232364547,0.557647480473404,0.7470954739621467,0.6546675003666591,0.739163503139499,0.6683790034619694,0.3023356371263652,0.2575590020085984,0.8317846309247221,0.5631537627175723,0.4302586402905107,0.6034903627782237,0.6665900247949151,0.4610979129324266,0.6008195823693584,0.5424359595331532,0.5492178410313991,0.2198513452582141,0.469424354937474,0.3528010786002105,0.6929754206051841,0.4952042428420317,0.5044953365016468,0.2977053902750271,0.2908360419299378,0.4089512709457397,0.651590972426006,0.5997751537902178,0.3237385213214783,0.4136843287365863,0.7316053181259121,0.6534173485202883,0.6828099163147376,0.7972737037766306,0.7489014388057711,0.5579125715885315,0.7188610077483097
59,0.3752584055986498,0.3522033299865739,0.4260301798206055,0.618494732984229,0.5587698820111449,0.3583106658329938,0.6492678498201351,0.6942061219411253,0.6473041986354099,0.3172860330614296,0.5692466738624178,0.4055398099496089,0.4972176904085954,0.3187175696850947,0.4386474648751099,0.425316911024616,0.5226940415918061,0.7215746749535414,0.3622166290824699,0.2128166060620314,0.6070221108741161,0.4376990317506275,0.3255309322934039,0.5678735067004872,0.5493838920475904,0.441647907605906,0.489867692195096,0.3596132470983708,0.71398186567874,0.5438265064326757,0.6486715207290973,0.6336240352432609,0.688119918709168,0.3576812183104128,0.390327691574314,0.2674079528868049,0.2844918053954093,0.4686126653374003,0.3010416320220657,0.3608667368608673,0.707073996241135,0.2598784171615645,0.385199410654642,0.4591703057114703,0.6772446193641418,0.3577322434950916,0.3939561129796453,0.6695990775550662,0.6754530066541858,0.6411733810508856,0.4352306589497066,0.8898944409287899,0.5735131841849556,0.5753200319327244,0.4972451349123337,0.4022914410538446,0.8010581870178834,0.599474152502737,0.3284895809134818,0.5387940889589905,0.5372237380456166,0.2781573064018695,0.8326737603556741,0.4411008928160247,0.6810034998154202,0.5684453647671881,0.4075398106626481,0.3017078477628663,0.3622010285987225,0.3873054503648209,0.6884798204097937,0.6103797316268291,0.553543385906387,0.402369529885113,0.5885002585919934,0.7122494636125081,0.4926889521027123,0.3441045775729782,0.4747157668950967,0.7778897174096724,0.5617336029204606,0.4627851976937178,0.2851760422728711,0.3833969064118889,0.5414092928624927,0.593030316260432,0.7321435643724313,0.4204836696317243,0.4604357100145402,0.400691733718594,0.7987669100131914,0.5217919167975662,0.634515777583706,0.586084765172307,0.7119010225733138,0.550511530551426,0.6261648515566907,0.550177023264218,0.4728994487715405,0.3862649446152705,0.7813892414760177,0.529582812484654,0.6173014460475303,0.6353587274741732,0.7852350987280263,0.5990693227536612,0.458137767293581,0.5187553371273439,0.4767087449982454,0.4447572804934581,0.6048371757031388,0.3840053341850998,0.6213332028871836,0.4085926390382575,0.4043938723397194,0.4481162371158924,0.3394886554434538,0.3541601178239553,0.6132219646314314,0.6329536067713616,0.3537900209962364,0.5367292688283527,0.5062082051140827,0.5209270726251287,0.6534475475202457,0.7972511227641259,0.797177745771839,0.7125572542070737,0.6004844233333477
60,0.4838187309649715,0.4813966102338418,0.5918028872335186,0.7417729618526527,0.5837119775423845,0.2823060548490034,0.6204698970647771,0.5396274523061494,0.5357458854023035,0.3294187638805753,0.4870690329760594,0.3739997599435313,0.6845640877034409,0.4425773828930069,0.393719591456662,0.4197800303601886,0.7036446483497495,0.7653632376685178,0.3895667965058726,0.3336807646329848,0.5665254734398303,0.4188384598361696,0.4227331636865544,0.4096265681859684,0.5048813284069146,0.469570992605358,0.3981434737275456,0.4549768290623634,0.7909158604697829,0.4428093947030104,0.6801269764470534,0.6736724459685187,0.4922528866322989,0.4816797185759732,0.3274486397387756,0.3277121661001423,0.2319895256482094,0.6043872577340716,0.3406230550471362,0.3249773319532694,0.7351418933921303,0.5131272559339366,0.4585713456174246,0.677108599887859,0.7129557546558732,0.5137710275533751,0.4413643914352744,0.6472906591956127,0.704845313488899,0.6459773874057584,0.3377848985128108,0.7838695736353046,0.7093586732782338,0.6376235454593484,0.6201827489451477,0.4230580054033546,0.7168239586394991,0.6468550144577385,0.3252438268434335,0.3911204012295628,0.7031058378386009,0.3979712985968335,0.8279284226076853,0.648258489087967,0.745585579474776,0.5425919947132859,0.4374529084905098,0.3193187739735347,0.3281457524847648,0.4879099169980232,0.5626056515314026,0.6379472110600746,0.4181746342212362,0.4194326081680898,0.3884689706787945,0.6759231855309501,0.5717308962633447,0.4424555766750567,0.4302581066195604,0.6269328593340223,0.681766776634545,0.2495788145782794,0.5184784507348372,0.3100799945526213,0.5116353705281163,0.4863063993304132,0.6628675859771371,0.4634899224983176,0.5344451122474262,0.4567093787861612,0.8708789450821277,0.5964301846642017,0.5248556597619808,0.5040126708770893,0.7106285532373888,0.5567620808471769,0.7711941009004157,0.7549990889411304,0.3037157950281082,0.3747838718198002,0.840511769858616,0.5366029832154235,0.3356304947083036,0.6321806481610759,0.6995921631906895,0.4630474738017854,0.4700848330520117,0.4600330899229844,0.5365095720308223,0.252515244413493,0.5965465599123281,0.5251353072437309,0.5798161034673663,0.3373783349322121,0.5081323711129417,0.4308338252363565,0.3160916223134886,0.5060257913122839,0.5404172646809079,0.6197896631204476,0.369479708421905,0.7268322258492883,0.558439963025132,0.538115798444836,0.6753822134143249,0.781666385794532,0.7739207805449055,0.6107979316285506,0.6734229102769039
61,0.1507093322258387,0.3566986640659404,0.3559248281884788,0.1824111211816338,0.4719505218074899,0.5300355996861301,0.549489161957472,0.7267864156915733,0.8301237531114194,0.3316325351685355,0.4093104171721557,0.6289029145191403,0.5101059851301752,0.4891243164124388,0.2488828535032273,0.5883788878644372,0.425299600076168,0.543447400354618,0.3757203865980282,0.3172221168423959,0.3338797129629503,0.2427215269704387,0.6487873449385695,0.4083104978220254,0.5294605578319729,0.4609829815768322,0.2190038044467163,0.5144318650842474,0.2457532834583523,0.4096464610532305,0.5405387955977934,0.1700624544697797,0.8997999381246539,0.1778434547832302,0.2605071568843707,0.7299002447161704,0.2491746993889358,0.462016093441522,0.1950045589887395,0.5354389655740162,0.6174676501004551,0.6114879186550106,0.4766268380225843,0.4808866436156342,0.3805914557405046,0.3190955610595028,0.4750264062632346,0.4165515892617112,0.4340630479298969,0.2088254318058035,0.4408923366912238,0.7400619001948976,0.6706183191271313,0.617061084178552,0.3709322819571682,0.2628865115880881,0.613832475400931,0.1886720221667654,0.2310601942504171,0.7784043362372357,0.510606622536094,0.184482060298114,0.5076761854080992,0.4154254231804839,0.3565086173151391,0.4785030517572979,0.1612659402042524,0.4514929041835119,0.624163199499461,0.3722775163510033,0.6172412697044807,0.5766136435934541,0.8709582662132639,0.5309174880652432,0.385182962994542,0.5760590681900546,0.6414220431506851,0.2076531216874557,0.5431233683256225,0.584595893086987,0.3162918358636719,0.5791879759663273,0.4119832557370286,0.6258451992522309,0.8278479889703934,0.5252791637135668,0.5309405585867696,0.3190380268450589,0.6624240987008889,0.2498770671013538,0.641979648940171,0.8496951013801306,0.7148820342207687,0.3469174824988653,0.332021604663854,0.2799457000110463,0.4874583963209601,0.534463798790166,0.5794790140943855,0.4009502312438147,0.5055127802046444,0.2760045853471807,0.5258838492023961,0.4280703066354652,0.4822442323357608,0.6400367151480452,0.2913565610772867,0.643018686411256,0.5244757432791678,0.5970207306898805,0.7780454280705269,0.1939365233663915,0.6855352491235458,0.5924932008079518,0.5465041723493606,0.4143434231463531,0.5737966054201891,0.3975055664471264,0.5842181709059053,0.617024115437699,0.4825191855764894,0.2962888847704206,0.3353505360319134,0.3840235607215035,0.2385745424736375,0.6841245985494495,0.5123409839884498,0.5306158991536565,0.5427248316514812
62,0.2818345679199137,0.4938366099986793,0.4798795571030698,0.512960054486331,0.6411681464182173,0.398838239422247,0.5656972163288292,0.6273996385047111,0.5913292191418744,0.4084919006567198,0.5102508706848845,0.4315009949097463,0.699196075024443,0.5798748493136128,0.3203661861423819,0.4252816304114108,0.6296422468828152,0.7046581210035698,0.3518547423980937,0.4352021332313309,0.622899761705935,0.4957845305660199,0.4996616081185672,0.495563807923968,0.5237027720740041,0.5991510630562938,0.4725858763476195,0.4711132084863588,0.5531567014972008,0.4833382261536885,0.6838238660575102,0.4757451234068221,0.6476995221132755,0.4692448320680744,0.3236187466414408,0.447579439058254,0.2508641425846324,0.4548152341795382,0.292945377814562,0.3642174241239749,0.6884766116799275,0.5403440099443382,0.4582512911110196,0.535247114091648,0.49314560564067,0.4128353634778783,0.4928039534667894,0.5832968632159294,0.6631385009934365,0.415817196456784,0.4132139421314157,0.7211255586476696,0.7407034259075129,0.6462269099407624,0.5240373693615136,0.3272191999794709,0.692772414747189,0.4751922735716229,0.3016881377973917,0.5709459599151852,0.6075858558121332,0.4671715207458379,0.7173299198765702,0.5851894864495304,0.597855493693825,0.6098017838790268,0.3358943176412678,0.5336112501946826,0.3564365283720536,0.4363855881788861,0.5473038782286932,0.563645027460415,0.5930029983758104,0.4127670083395872,0.4039215921522099,0.5981823175828269,0.4821830616455171,0.4214346391948808,0.3902999548411981,0.6429226168765557,0.5871354333482083,0.3594126821724894,0.5324077982513888,0.449188471774165,0.5882823424823522,0.4317528777762572,0.5885192583085189,0.4237878419770927,0.4676451293082839,0.4144508156694062,0.7710441855611971,0.6614242063601738,0.5946968425435561,0.4161874557536893,0.5106489242722614,0.5689802614018357,0.5819826688625926,0.6599825055764077,0.4911623418847479,0.4132200322151712,0.7165742961920618,0.5521348024526294,0.3995331614202764,0.5628426053026943,0.5858310101457814,0.4210362556546606,0.5039481004492099,0.5043747097460447,0.5820854686485908,0.3712588378144072,0.5366458961451441,0.4007492525655151,0.6200773388911534,0.4146025803395385,0.4640581540007916,0.4381989398224543,0.3499291939492714,0.4510150681036522,0.5663980381537217,0.5295631585380084,0.3869752756183136,0.4990814133064941,0.5280390628465511,0.5213957550487032,0.5224680841027027,0.7632874384913256,0.6379444665239542,0.4596132897490999,0.7416358461093133
63,0.4384514025984514,0.5796482427420289,0.4433356169407935,0.6524777153174841,0.5942457013053052,0.3195601885204456,0.5658320828520448,0.6232570226622209,0.4866221437001141,0.3691192773186818,0.4968888660833769,0.4139682029733015,0.6002951652936853,0.4830862867140068,0.3837731684993305,0.3600234731478592,0.6222128967928643,0.6928163242855864,0.362942414103426,0.3827644674145118,0.6292918360380974,0.4771762542150595,0.4223234248733558,0.4637521114116395,0.6458403008686333,0.4384510977319125,0.4299296417576188,0.3155599827382285,0.5628406936814028,0.5028586647718939,0.6171312316840853,0.5937021925456419,0.5904579231941889,0.3865180000111484,0.4274991924260377,0.5422538863863108,0.3071928428405265,0.481498043713245,0.3720622118303628,0.425536906238657,0.7667331812356806,0.4472140136526933,0.3444406089646913,0.555235664518335,0.7278201398378874,0.3710561512198709,0.4482300485344169,0.5864858451603909,0.7095702416040364,0.4957140302546861,0.4351115132546241,0.7467245219797443,0.7717366357693383,0.57184987276203,0.6131671691337102,0.4329234918284176,0.7912719307181469,0.724042238174903,0.3503483660082546,0.404890166047158,0.5648671066920161,0.2879472182810826,0.8272501046253712,0.6797376516951298,0.681007137732274,0.5450497610065859,0.4174107123402253,0.3784332317258046,0.401157331889329,0.3307551875894968,0.5973071780839658,0.5531029828491785,0.4793534220780329,0.3750722223603,0.4805883975064723,0.6053505693755772,0.4483998732457757,0.4463294649053095,0.4713671950779097,0.5760456747659056,0.5366333427913901,0.4123547043118434,0.5113807070514581,0.4233548183930249,0.616326422218488,0.4764103237873253,0.5852105503013716,0.3875760706619217,0.4730008069977156,0.4404785920841809,0.8156560978041887,0.6438698143196846,0.5280385999707766,0.6971562691880577,0.5705629785260253,0.5250068406039706,0.5346333283139098,0.5999101368004682,0.4302891534209454,0.3346504881272377,0.7704545976430887,0.4546095717152969,0.4371617073139289,0.5241813719051063,0.6851216989310773,0.5098568427654299,0.515866725587008,0.3882215954282603,0.52057366635448,0.334809225441085,0.471417845289204,0.3148120695705351,0.5768666674693874,0.4226318582686862,0.4498461450994604,0.4105571149271289,0.3219009296293076,0.3736468206393816,0.4923947553958655,0.5723445134548328,0.4025379113148706,0.5632696032422317,0.6922559590282806,0.5109885910959608,0.5925382445615517,0.7674082131161287,0.7706950335531702,0.6064418988942376,0.8004449344206023
64,0.3507784558815234,0.4952594446660924,0.5478348964289858,0.67965171862878,0.6024731819551394,0.398206090879757,0.4995949171414618,0.5928163789238625,0.5405474876264085,0.4132343675957295,0.4731285791225165,0.4575585524142844,0.6702928570563846,0.6709475525624246,0.3135793174771886,0.4189631887828458,0.6270689978528279,0.7175600441003104,0.363601463337401,0.4037139245419717,0.6537530942393615,0.592580151215792,0.4368894778644696,0.438916308893279,0.5016040570467756,0.6338092115193725,0.3652840586339492,0.4703514608735676,0.5263992583540922,0.3791849241302075,0.6998791358717357,0.5065854395398222,0.5413662350127901,0.53333486125513,0.4410835362522651,0.3737023475463318,0.3114389882220483,0.4319363651276618,0.2822706788215584,0.4154838975912357,0.6800410362531621,0.5095797853190922,0.4542652284987226,0.5230648398487145,0.5105533900922631,0.4544844088979639,0.5226728595344813,0.5847059683445595,0.6768148878714211,0.4897638203329827,0.3548468047315561,0.6767404899673473,0.7047782635355819,0.5911278899429959,0.6993480049776022,0.3640062495331229,0.6053927174409738,0.5776999108323618,0.2860122221181835,0.5547354481341504,0.5647683306576776,0.3161998736682712,0.7228418477435405,0.6087790464412117,0.6070865437789357,0.5825356073833877,0.3607242472923068,0.5743393354992812,0.3801517487219771,0.4060435915776217,0.5602110641704192,0.6267246671084378,0.4962461119091108,0.5167543004385573,0.3425629054161926,0.5993810016471957,0.4676549322069262,0.5298189281406407,0.3735168456870369,0.5796164098725959,0.5452966418757212,0.3674278540881125,0.5719004513741528,0.4655351842786399,0.64893784228229,0.4178808322865069,0.5715825186793677,0.3568970000760434,0.4604759897872651,0.4042445930461072,0.8204616472453473,0.6437469174818737,0.5805681644379308,0.3177885839358184,0.6299494284944471,0.6690459476803099,0.6424919373528002,0.7027863612657279,0.423818378647793,0.3475390974844371,0.6796652941590267,0.5239659956477529,0.3977189686046261,0.4997462829659717,0.5752463090425798,0.4941298795017277,0.5212790351414516,0.5354497882278725,0.5487321678017614,0.325039159816248,0.4741015708624353,0.2975880185488699,0.5882553489932687,0.5044616872542045,0.6168878037545215,0.5181237247769281,0.3668618281209758,0.5118032840120019,0.5714499009618532,0.5135827384188192,0.3796538295053924,0.4836148388656165,0.6458203090913743,0.564276165053623,0.6224572699758413,0.7498605286298345,0.5642259368240281,0.4287730269353572,0.7636760233118326
65,0.3621992503987236,0.5752504604267352,0.4613006801122554,0.4518706912698872,0.6310126422870619,0.425331088703394,0.6341741129871235,0.6470048524395875,0.6291949770908467,0.4325964981607789,0.5084146870323663,0.407557186455466,0.6282987011067402,0.5214923582278409,0.3061001273467741,0.3981601171117256,0.5565517039537329,0.7620280947224631,0.3444379445697203,0.3446446320838662,0.5247019233601402,0.4707895741885135,0.4702762806618636,0.3929314520010493,0.5934546820264048,0.498895046455732,0.3879194183935356,0.4380419477930117,0.558456681801315,0.4989255787818044,0.5567600063758432,0.4172523194489106,0.6945998723800337,0.4087581728099481,0.3071754891404245,0.5432476436834817,0.2375533571248358,0.4334742946133672,0.3051919191403806,0.4191015966270929,0.7426824744678504,0.4423144878079915,0.4355772519658999,0.5255649560787791,0.6047875013471293,0.2538290780014085,0.4919490925256771,0.5435653217269332,0.6752242400746626,0.4122936893691762,0.360290726067009,0.7683531814989093,0.7736886242102807,0.5631857772141817,0.4384911862516246,0.4077393363157687,0.7366345801130677,0.5312939124128288,0.3223287977995326,0.545067269963445,0.595863870336911,0.3260431635646185,0.7345546834057102,0.5309385206108174,0.5563254896841225,0.6401405852613342,0.3639591014389843,0.4679445597535572,0.4542489185470342,0.2927789676531627,0.598437154124458,0.5694233221813396,0.6398361787990352,0.4195879137465247,0.4122060561524435,0.6245662124767539,0.5423436872216054,0.3745516021528964,0.3679901938408957,0.6711337013450365,0.5260739165973591,0.3918765843433358,0.3891584528828303,0.4765490049946658,0.6316348852386754,0.5556160744064115,0.6380177600908694,0.3201609469879315,0.5617328600501836,0.3246929470649224,0.7468137200742198,0.7339279512888219,0.6759599686486693,0.4404413029862529,0.4725825178198563,0.496165939386808,0.5621771145731835,0.5481154136325396,0.5140676829769727,0.3614914125560161,0.7065098873429536,0.4533890462056204,0.4840635180239372,0.5417805418570006,0.5556712801333712,0.4375428843655915,0.4401415668545733,0.4657458836814134,0.506946992247831,0.4382029466381485,0.5384010990297765,0.2461837084658786,0.6804159803949437,0.4309926080525432,0.3155433253775035,0.389608241133299,0.4425883460000431,0.3093925473125617,0.5112720144519424,0.5373585203218169,0.3940489056955061,0.4873828109625554,0.6376943725524694,0.5904901915641732,0.5213919391309231,0.7544778704217198,0.6751902681935928,0.5508577377898038,0.7658090850615661
66,0.6533438366454443,0.5300698263687469,0.5791980664335477,0.8029564513572397,0.6478605795448098,0.289278855446332,0.6025382301085997,0.6086594144446541,0.5002368219559687,0.3790936892165292,0.5062362129594937,0.4305991587790964,0.4844087410347611,0.2432082458640392,0.2805883406055723,0.3972276626425714,0.7372005854707984,0.7474058544775308,0.4339647988519199,0.3418723711965434,0.55567332613802,0.3608702011593667,0.3802395702757685,0.5131473729500265,0.7981596574856598,0.4091000291772155,0.3872443385936367,0.3867073363299195,0.7507204103923719,0.509446907888851,0.6564775179487528,0.7330906620170075,0.5383651764555619,0.2997341339055562,0.5158392419520013,0.3995619661637474,0.4226376080728648,0.7140468909457625,0.3880066275010085,0.3794205233858091,0.7978182436020007,0.4653357460150712,0.346645877194269,0.7222275170209679,0.7920583695947059,0.3505102800603991,0.3765551863809796,0.7633387645056786,0.7782580967163333,0.5757714802087733,0.4601432992965126,0.8480659377224427,0.7027696730164373,0.7478538210753742,0.71682843629426,0.6339413304824594,0.8280255233714856,0.8190234085876995,0.3300694802151178,0.3306826293742471,0.6128699332468146,0.3792792435740095,0.8828990630643574,0.7001003538884805,0.7825632883085685,0.5486466161250513,0.6843083631798678,0.207475322114037,0.3538056399907695,0.5805060384503785,0.5488240595591811,0.6557763548640947,0.3363096050900215,0.4049357606802651,0.7391395918767976,0.6963289311568116,0.5842440352095948,0.4977162234295239,0.4565431368460988,0.7687919393955853,0.7574157394885781,0.4788174232842582,0.4911069879750931,0.3117846966321254,0.5176936878494897,0.5111419898468972,0.6505766132080271,0.3934432692557372,0.4971377755929743,0.6409313387676923,0.8108738146528778,0.5473001433872788,0.6015720551973434,0.7510566677353707,0.6704350646047315,0.455361280272441,0.5966397363481419,0.7194409123228558,0.3360120842538464,0.4595796481342298,0.8610701447246394,0.5662553490459002,0.4106037715356447,0.5827783947844296,0.794185166323642,0.5964664869969107,0.5699304269815271,0.4734400307467238,0.499595489512209,0.3280257465875337,0.5742322948623451,0.3454623149224257,0.5917835519981781,0.41667048257295,0.3676863993967296,0.3496829566241972,0.3046100333515815,0.4332179217271993,0.5554695850229796,0.6838201564823858,0.3647069418039592,0.6796292376363078,0.6613434395036395,0.6235666522277905,0.6554966715780453,0.7626688179110981,0.8545563116919952,0.6924558171352113,0.7501810844975885
67,0.5146671712386572,0.5629311244022767,0.5242359840021341,0.6912506210908504,0.5666592073909245,0.3030873520458201,0.6709267417819459,0.6627347814405256,0.6046822914696122,0.35862498852978,0.5005802577722944,0.4490363557053782,0.5532339749723825,0.4583624432476666,0.3477064453404607,0.3755763843627833,0.6360819593303451,0.7274670930333176,0.3722460896305646,0.2684457058890369,0.5622646214516798,0.4276014332865366,0.3999623794484835,0.3959545777512072,0.6678335535255369,0.4451650772835026,0.3870695135689192,0.3534114743245213,0.6736123261559435,0.4599570297949581,0.625565096176232,0.6139048863638614,0.6173231212524752,0.4595887027081049,0.3632261472657653,0.3252720256315365,0.2891027130724369,0.5080343581867631,0.335232923950682,0.4442702094501271,0.744727778771632,0.4679701858207154,0.39323944477974,0.6015205132106591,0.7181115152795041,0.4228079583242455,0.3999186463204102,0.6414926684516203,0.7015195249812429,0.6476736944611745,0.3981272579141552,0.8119661678953676,0.731640974300677,0.6258593376393421,0.5453780263539316,0.4717896085699768,0.7755842301057507,0.6197684435290441,0.263529022265517,0.4693964098320133,0.6558156963615839,0.2805586523637455,0.7978399392818804,0.5860924897564141,0.6970759268753499,0.5647551651626701,0.4014776681669094,0.3365679827125534,0.3723643099221676,0.4276752549178867,0.6534898175459589,0.6129502429331054,0.5155555711739093,0.3744999639048575,0.4314910128161926,0.6862783369042692,0.5129240121794444,0.4127526570729382,0.3632094949125068,0.6195186019267838,0.6306047601126217,0.3614556507057808,0.4909530589958638,0.3910554009405357,0.6098056076473419,0.5061080154969948,0.650293218073116,0.2872912868962324,0.5051177054743567,0.4444589599910602,0.8193428858983103,0.6075636926512186,0.6346055179000623,0.566093646080974,0.6265070505490969,0.5217099696391193,0.636274405136501,0.6542089518710316,0.3504847307445515,0.4389883377161138,0.8190888296298253,0.4387758879633796,0.4483706611537426,0.6038552991627757,0.7235740339320533,0.5607513050584421,0.42943602215686,0.4896948304838627,0.4506674717023665,0.36936203538385,0.5575897364817528,0.3114557769798529,0.6426596407618561,0.3710557809012429,0.4380518707001384,0.4370082090972194,0.3735470441072598,0.4017335564780186,0.5559345114804001,0.5713065051358207,0.323332075920121,0.5741603086561156,0.5892209660023023,0.5813335234762759,0.6641579061010688,0.7905233671324168,0.8063670785335251,0.6607598034901163,0.7159085917914005
68,0.4808672459944518,0.5742411090240083,0.5196363753315816,0.7420929181850947,0.6189557666548327,0.3636629042084399,0.6524935311516872,0.6082462062673923,0.6442666603173933,0.380527671866408,0.4204211036835544,0.4537870120383093,0.5914561692943254,0.4638616363930784,0.3666351831478406,0.366542782352819,0.6729248816640973,0.778237141737899,0.3804528206753479,0.2834929366614198,0.60920428547829,0.467913409525786,0.3980657650848351,0.3492516612432024,0.6090326436128518,0.5117796253133493,0.2973230327753597,0.4368043373319998,0.6785209984913401,0.3915826927273474,0.6296092024215376,0.6529052403723221,0.5752269932822344,0.4855018244637484,0.4559215465063996,0.3552141773911178,0.2888561749116107,0.5636292860683623,0.3971447774282816,0.4480980524968819,0.7669729247747996,0.3957430262858249,0.4131054842853257,0.5890372112688365,0.7619889606921569,0.4167815384229235,0.4301769504134252,0.5867686332703457,0.7213067312786177,0.6236173904061288,0.3295889025560219,0.8013147097697958,0.7311083263768514,0.5595607979852588,0.6381875669238075,0.4882259871866587,0.786415096381109,0.7165292916745201,0.255194860080138,0.4246237857355581,0.6174950510287764,0.2544555713933781,0.8328340662331803,0.6462597132682824,0.6873244707062414,0.5556383328866561,0.448764405804962,0.3439933414260584,0.4219148092754241,0.4520620319343191,0.649524971058772,0.6052401059708898,0.4813610204937814,0.4036502445714822,0.457772533614058,0.6632061558408905,0.5484472377940774,0.4945400787263443,0.3439740041181417,0.5933678195440191,0.6122531055953387,0.4074110968730958,0.487304521182587,0.4279885082594548,0.5915557712037227,0.4954051165251509,0.6190990192594387,0.2906466055827178,0.5332366394915798,0.4609388203912206,0.8350480175607593,0.5972576554100409,0.6045666239588389,0.6294748099780659,0.6816477556215635,0.5650452680090218,0.6025912156697169,0.680067460945663,0.3719732575032598,0.4625624903818037,0.8194918099404662,0.4535331011892293,0.4700673271143866,0.5968311597518579,0.7647755499402862,0.5477918085168505,0.4663414256462292,0.4578814401062105,0.4673821659557731,0.3762890366815787,0.570069910440758,0.3248864503070953,0.5832009643598388,0.4321083810707899,0.483695326863406,0.4668658049610293,0.3845693941624702,0.4716879461572737,0.550225997431852,0.6426487380410171,0.3839145706436291,0.646078441290519,0.6375909038262291,0.6305704307903888,0.6845249670529712,0.7698789867156882,0.7829598426256807,0.6319142400773078,0.7098145116379087
69,0.2340568197510795,0.4321618048686867,0.4404657397525064,0.5587299308644658,0.5634877239837329,0.315708562604831,0.5145506709919277,0.6578496176296131,0.659156431943189,0.3766997234456277,0.4967053161559949,0.4121717044618137,0.5680545340276104,0.5320204447677601,0.3010973032077869,0.3653271749379279,0.5685234163263647,0.7363047037283765,0.3201350055904034,0.3046582203373829,0.6014160787475411,0.4232427962682564,0.4548519381420795,0.4997289114713417,0.5771607104384484,0.5358393462140819,0.3907787322905779,0.400556553567574,0.5577068873849149,0.4512034695267502,0.5991377059624468,0.516913632957253,0.623206194944705,0.406212599289376,0.2474667801030169,0.4569645646651766,0.2554158128695432,0.4858807806692363,0.2883092779022608,0.4077324954089147,0.6824098681956208,0.4877362184809528,0.4365659163482119,0.4642977921486828,0.4879896085736775,0.4355099377733648,0.3884183746360086,0.6104387265254894,0.6407396784308299,0.3835320198323106,0.4332795824505979,0.8065829047832054,0.6819946139927764,0.5955926120764963,0.4337496284012255,0.322534817289453,0.7115473523298239,0.4383104789818948,0.3061757417152416,0.5435385874839982,0.6319559402135134,0.3090118593852972,0.7309705329071007,0.4926947524406599,0.5666212502831864,0.5792115245027156,0.2731050428633828,0.539057347603827,0.3675702352892809,0.2627470527442893,0.6251703302455149,0.5647773067512281,0.6251333051620336,0.4262453840334054,0.4021363983089315,0.6138664912516979,0.4623690744681347,0.3690408461228257,0.4274030150969149,0.6579333865686896,0.5227246761748479,0.3549491913384418,0.3995593086884276,0.469280025161475,0.7192118212665568,0.4932678182816639,0.6340346711470617,0.3270236835024896,0.4905928289940872,0.294561049141531,0.8120874243703299,0.7043340527074107,0.6295150363053066,0.3467774187098642,0.421929673712154,0.6008288485492158,0.622292171835543,0.5590316973821858,0.4309589306606987,0.3586030802885041,0.7040145257317563,0.4618370184089821,0.4507230990147185,0.566899611925922,0.5866922200412584,0.4909152314208888,0.4795690703303107,0.5594809009638783,0.5274165646771259,0.4003888003465903,0.5037355946426801,0.2918562116014461,0.6375385332409744,0.5071857017161779,0.3738976974740657,0.4513220833552683,0.4021167247898785,0.4241193500253375,0.5524441676243257,0.5147637607428015,0.4040575393807681,0.4678687876952537,0.5450592906145861,0.549089953345101,0.5590047807084375,0.7966760097830587,0.6664307213177898,0.6106467961206254,0.7350658087279676
70,0.4049959229624026,0.4260699959485724,0.5483880663311251,0.6142311638817347,0.64326975930063,0.354494719907715,0.5652926770064008,0.5486616620918683,0.5434196107911164,0.4019217937902989,0.4573592518957826,0.4215500903998389,0.6496541265989486,0.4333655239861209,0.3838684139956045,0.3894832724280633,0.5846817457368528,0.7672816992650215,0.3437388192344762,0.280884439918129,0.5948626746828549,0.4612770807335451,0.4325940045206277,0.3740423255827544,0.6001609581767731,0.4610157665227935,0.3589966317955173,0.4739758825556584,0.6649072998744291,0.5288580837950316,0.6458221830023052,0.6164074921984255,0.5524402643556199,0.3790627743057524,0.3540364139892706,0.5167620767295649,0.263766635567001,0.5280925948856116,0.3210111287874686,0.4123708365380995,0.7721077831305545,0.4697924457632231,0.438830668518818,0.6301523676870415,0.7004618871552701,0.4277067649325706,0.4079830345709964,0.5302298763138167,0.7084339754587257,0.5756897814290566,0.385660766693213,0.7948986540793799,0.7695247704029271,0.5874488680313779,0.5160128859438213,0.5238185403791469,0.7606733453570677,0.6937448932153332,0.2421005731430772,0.4260219650219258,0.6595782257342121,0.3875914650672142,0.8310665979221217,0.6505958637417675,0.6341386265732378,0.5321775973665517,0.4204643385476653,0.3441142424916511,0.3823895108841885,0.3847364108936268,0.6118799804459383,0.6108142306066533,0.5200386524908038,0.3522186166485697,0.4612740064878027,0.6276131846933384,0.5557338437626599,0.4273451664484566,0.4146520230917319,0.6219533446590779,0.5800264027422337,0.3639814998031064,0.4618058350674419,0.4179004170165252,0.5760971672467148,0.4409074984259847,0.5825992756753616,0.3801434242303463,0.5152470962679292,0.5171642456365727,0.7794668904724948,0.6638435949148886,0.5582250007420184,0.5430292059389585,0.5576621255182808,0.4725595030135937,0.6139798381867194,0.6876051131202079,0.4042525128826841,0.4146541202937248,0.7855802457294477,0.4709800476749533,0.4065046851530172,0.531615402862595,0.702445893168544,0.4873856567378681,0.3779631857062369,0.4419917348836313,0.5204210103320328,0.3451657555099287,0.6025754394558732,0.4051168305952304,0.5600137451773486,0.3718862723308855,0.4105858042345818,0.4286684896293934,0.3441634414314017,0.4593831484345428,0.5335101739217616,0.5798414928287312,0.3615616311697351,0.616672907354302,0.5566504629910949,0.5722416451738089,0.571849330168275,0.7937949377333982,0.7552657315554161,0.6572779885977391,0.7690126315156588
71,0.2864633656982682,0.5064899797350358,0.5269718796382468,0.5510348134897842,0.6640578514466196,0.2861043114342071,0.487261883029275,0.5891680853307026,0.51034157597776,0.3399562277230048,0.573834985833157,0.4443878090652112,0.6719037715919889,0.508491720076141,0.2806613406528717,0.3139434798746366,0.6389115271704047,0.7591404151941648,0.3295780017953298,0.4966265700384721,0.6213859889760458,0.5785946042019475,0.4156989149205541,0.5859378037138641,0.6714485924043976,0.5444530956884645,0.4570107903391627,0.3755258377013354,0.5955010240338361,0.5990952315902198,0.6969032517346354,0.5135818726903424,0.5623094370514323,0.3223331220986214,0.2748925297596158,0.4590781688689575,0.2783337741869621,0.4749534431322324,0.285890602797129,0.4079677935777971,0.7902502760225637,0.3943337870790857,0.3404280055992442,0.5145346311724963,0.6328689918445338,0.2118848472762718,0.4059194617900741,0.6758292054371404,0.7392534779185385,0.4265178106998597,0.43937688036929,0.7666315189133095,0.8114408611280794,0.6187875569375709,0.4024351000972891,0.3975980763324654,0.786013875856562,0.6021939876800431,0.3705430650526887,0.4753640107836706,0.5991114416698138,0.4247899150568492,0.8000641746930262,0.614572865076614,0.7015909831349427,0.6517141823618718,0.3768570360301985,0.3772549783642002,0.2992363569278618,0.3916032349560376,0.6049714257480718,0.4729345554283733,0.5883506494437722,0.3456667018344336,0.4886213867270499,0.6572362422474209,0.4207421654255221,0.4294597462335729,0.4591164677925961,0.7429011042163189,0.5193593581342846,0.3551580094241993,0.5135492627717022,0.3478684663806374,0.5769043830738743,0.4818291087474042,0.5843035684961724,0.4083018734044207,0.4169570091432664,0.4626797020406861,0.782315332156406,0.6475810826190433,0.7033267196824076,0.4565215628151736,0.5947003309598122,0.4883855489220189,0.5988293155141278,0.5937113873319914,0.5210547486013433,0.2642603228375818,0.8122790163788597,0.6141242779243662,0.3559399535457227,0.5070024965720967,0.641746238059373,0.3673502679750678,0.5988542248534237,0.3959724278863729,0.6111124248299962,0.3420503249369209,0.5481955062107333,0.3343397900797419,0.6786963692498345,0.3258907443814441,0.3230368244520375,0.3370801991964621,0.2455926283495126,0.2892765179559787,0.5755880628354424,0.5514187763367298,0.3801706137816471,0.4766005454897395,0.676775285675727,0.6670672799626576,0.5948924255816865,0.7678243660162332,0.7504325610561883,0.5201290503319262,0.8691974769145298
74,0.5278855337259958,0.5506877085050798,0.4697318930825116,0.5975217958283604,0.3992290265210318,0.4135057349321592,0.5666985221999262,0.743245751896526,0.6280574764063566,0.3763803091777671,0.4584423373271273,0.6737223101110626,0.5508030640979449,0.3846256582475943,0.5065629646900198,0.5979311151852004,0.3189854429826286,0.5895045226658104,0.2803325921404545,0.6534166433893539,0.328280972262707,0.3307768450041111,0.4527708767046475,0.5570258413396708,0.4107614452156174,0.743981948209222,0.445597857938027,0.5390010972934871,0.243748733272187,0.6044892997892721,0.5288869079386769,0.518073899077716,0.8719933239132233,0.3416612045504416,0.4010245613801559,0.5490629784934041,0.2263582900991519,0.1824817979965909,0.2310458560918153,0.693437777993232,0.5216044253965539,0.5684393994181676,0.6472315175706657,0.4603600168032106,0.3024642060321597,0.6237339960300023,0.5267898269004746,0.4044908860283297,0.4777624878431004,0.4280059739315973,0.6855560231128094,0.7317969605565772,0.6374979351671793,0.69545455722503,0.6682726906477007,0.3514300549979836,0.4907076554155274,0.388554781649705,0.0490914423459706,0.6639902283574751,0.7012627435980959,0.4866763738442244,0.5288195475957552,0.6682741638023435,0.4318969627264276,0.4032802124218063,0.4119037108269856,0.5573692591156068,0.5089022743541638,0.2489953141479948,0.5153357704971371,0.3993814400695851,0.7377364926156235,0.5539305352389633,0.5616928081814889,0.5261685489284492,0.7263344665978879,0.5295102119600937,0.5270981557461338,0.3171342810231681,0.4148893893691025,0.4295438017331178,0.7979250361712271,0.5713636147204463,0.8495444370405354,0.1492147627798523,0.7441578972378112,0.5917470980538355,0.5833258032021315,0.5297757171076654,0.633841281860712,0.8628807044183154,0.4402999906870416,0.4203610453716653,0.4475405353137561,0.2494029581157008,0.4435337433447789,0.7954341867384926,0.562970979948079,0.5273312404533651,0.6780866410670909,0.4107953779239969,0.451246665391064,0.6041514067149568,0.4622539111820737,0.6808577056006749,0.1914122721942946,0.6622085874279978,0.5673680810355589,0.7050284031903149,0.6213127069756696,0.5740738516554805,0.673716839070434,0.4727353943077672,0.7625239303587188,0.5339147839590872,0.5037303135815909,0.6510143193789176,0.6668699794966624,0.6203773614068688,0.6146695830630574,0.442277678299933,0.2604471568345995,0.3627999901050707,0.2854505549599457,0.5837770934143733,0.5117611824300814,0.5164067623749826,0.7253580761326673
75,0.5075418289550242,0.4977220808084295,0.5054162901282879,0.711281677287744,0.6324898613545993,0.2932032055174693,0.5859340271879393,0.5282140184742196,0.5250526644337911,0.3168996804218308,0.5591153975131679,0.4813812233401602,0.6020527316649924,0.343738274890401,0.4096616013991287,0.3449429623538754,0.6602795541048498,0.7431473171465721,0.3643302464113964,0.3214296249674501,0.58251988656431,0.4365233971020061,0.3722767829581613,0.3640078480136672,0.6438981737927334,0.3701792715468395,0.3261199646674698,0.3553478734684587,0.6769683691282015,0.4620738393595131,0.6320071638398255,0.669179117835328,0.5221400214134445,0.4164774826579225,0.4465419697038558,0.5193393619404476,0.347646370369515,0.5769667323432228,0.350078405883542,0.3732707993525301,0.7970376695439572,0.4325880959162703,0.2841203662401195,0.679045568512003,0.7785762880554521,0.4258765100822621,0.4092431640713325,0.6160736584348316,0.7178948970541694,0.7309497237378457,0.3937636607175516,0.7759375510373647,0.7493352296273736,0.6354234931814629,0.5903005644065156,0.5018217281369067,0.8127335381422618,0.765663376580461,0.3150854480668467,0.321765346771357,0.5048674750757547,0.4448244983378564,0.8536901273977671,0.6882549840606436,0.7590718250824989,0.5877794614632342,0.4709424607423234,0.2601010904967181,0.354800337399403,0.390428114022921,0.6108746290346327,0.5699667193094855,0.4173293703470009,0.3916642590376441,0.5414029815500732,0.6389438357060837,0.4810432332101229,0.4848105613092167,0.3699739323929466,0.5759578280918698,0.5984612660062932,0.4190019735420821,0.5086185799111095,0.3178647455229137,0.5438921973880728,0.4523634431776552,0.6448695603353843,0.4681881756953659,0.5644563970292868,0.5054676576768473,0.794240587578411,0.5957537031088538,0.584389346553368,0.6425753225006741,0.5862933328412715,0.4126538555961571,0.6554842729568409,0.7033344999816823,0.2801762263469697,0.3832790434314691,0.8204885743557453,0.4774705901309529,0.3723066941354574,0.5814416357859122,0.7415165878237631,0.490826261573459,0.4928988776613019,0.411284999342865,0.5449947254982288,0.2651686676345715,0.6091262585672086,0.5031966864139179,0.5509316721716752,0.38520137142928,0.4396194205513079,0.3279262225263106,0.2641326962094509,0.4634128994653562,0.533686611972926,0.6121197236049425,0.3708842323107273,0.5838872266965607,0.609979449722311,0.5345110287251029,0.673706163668398,0.7765903362635599,0.8096286760222058,0.6455188266271603,0.7653858810406986
76,0.5690220488149778,0.5736919583535955,0.3367363326978276,0.4662811984246575,0.3815211489199297,0.664483226516482,0.5320897576559663,0.1695826682004699,0.5447014898544215,0.769965736205013,0.5210166460680606,0.4756172978867155,0.4520128318668447,0.4927027748417652,0.5883865188572716,0.7732435644417013,0.3607566185421251,0.4118494910565167,0.7662004557355988,0.6756295566209103,0.3054461286472366,0.5137540480438249,0.5842515907635517,0.6950682996577322,0.4234082321493911,0.6124360192386096,0.5421641496249993,0.6697559271015582,0.4090458576918624,0.3415722176396302,0.3327009873616255,0.5952419054012155,0.3115865125457187,0.4529091727944787,0.7532444694106235,0.8200349408036217,0.6447160814635509,0.5097162671085854,0.5958446903266763,0.5331460696442244,0.2661299309269301,0.6163466361148645,0.7211124015605679,0.3119637678220349,0.3012186309238238,0.6604638176624209,0.6775499752535978,0.4771113209733526,0.2525683206115136,0.2590030101070696,0.5593694370892257,0.3251754225168367,0.3641664027361865,0.3053696015903048,0.4607488320982009,0.745001817783195,0.3364275839903209,0.3561658449974653,0.5328765371804529,0.5050078562473214,0.2832534023990631,0.6278124709290854,0.2415311155633502,0.3487456109058081,0.349491788087205,0.4209137712905604,0.68283024647996,0.6357775425174867,0.7135344450466845,0.519166330107682,0.3591705518121105,0.5118170279678946,0.7633454887295088,0.7209863495469397,0.4644212569921859,0.4736874938194354,0.4564104470463602,0.72638801826133,0.5796957564266746,0.4242741775523214,0.4512098628110345,0.4907333189408599,0.5829729650115262,0.7115352450218319,0.2464396030060538,0.6091160304840983,0.3159577941221439,0.6503364462962861,0.2413796255481378,0.5500674302728745,0.4657555198332425,0.3294689516952014,0.2153330050749488,0.2566899914173058,0.4402460161212539,0.5259380018776263,0.4251513476011532,0.3778854762000232,0.6439145360624001,0.7807397589434393,0.3496079448240957,0.4589283833892471,0.5045570783206763,0.4171699927516086,0.3653484025412649,0.54324586586698,0.6056926487629269,0.6064617004775053,0.450796052106223,0.6048548871148502,0.3605489007344967,0.6004402474891376,0.2389051455336173,0.4466300553009579,0.5417667578142525,0.7261906087909296,0.6466130149386131,0.7064838509867737,0.4610847568804482,0.6089752781935411,0.7467161511376952,0.3216945192198526,0.3972942898220487,0.3103883375046572,0.5068687238816196,0.3381605494837374,0.3877892536257779,0.6719086297325809,0.4296076180254381
77,0.7270913192909354,0.6383092948970621,0.474084652841705,0.270075480538851,0.4233552916026041,0.5068136879869134,0.4721892039868438,0.3647180393944912,0.6255628299784537,0.4482959427696155,0.7693978095882756,0.4847415420843485,0.6222716623421305,0.1868549815480131,0.5326540905553074,0.5261811649872503,0.3810602477513233,0.3321738379748765,0.4813053063270668,0.6628394380276579,0.3318935721905439,0.6389662397512607,0.5916306419599622,0.6892096021392979,0.5013056081852816,0.8130627734872464,0.593285841096636,0.5514025252358683,0.2269192489132936,0.5304093455029151,0.6058987637594644,0.5649102556146491,0.5831562950885623,0.660221521024835,0.5004042904497161,0.3182751030469275,0.6407297772400171,0.6327377702480695,0.486117931896289,0.3346514750201389,0.5140912763339637,0.5155759895527797,0.5403619226446573,0.3116518680917572,0.4851817579974972,0.607110387299014,0.6038121415355053,0.3891958879632663,0.5200347602315236,0.3942308958148037,0.5273936401745467,0.5053856016474011,0.4681136439188998,0.4043959652223929,0.2110702421527814,0.8447520380402063,0.1225342786663114,0.1703494806978645,0.4518618290894088,0.4105627618628942,0.2438004555576473,0.5711919995699595,0.282385465814944,0.3709152188777163,0.5400429871672356,0.7581785628411287,0.6990434950414759,0.8291788189597944,0.3914836557996258,0.5616406059721186,0.3671725702492475,0.4112351270610426,0.6712537496289172,0.2781330875569298,0.5272485554661382,0.2645985533575355,0.6423204869005334,0.7479149095164119,0.4964212550175679,0.4256460850428765,0.386467013311531,0.5291849060896019,0.4835605805915707,0.5042575350920242,0.4252581992785663,0.3100891726467217,0.3516047226367895,0.6216330184772153,0.6054514333983031,0.5690924440745746,0.1469341708786768,0.5371776463914117,0.4596374222300218,0.463803487071914,0.4566357692299044,0.3449597142011589,0.4927625382597437,0.5064962269584395,0.5697237194829503,0.5308126452281682,0.501360959006484,0.4417994912806758,0.5692042510486676,0.5872478894484636,0.1884070461128539,0.4221388794315077,0.2267424589355315,0.3377380404042948,0.5476052912272946,0.6804625430017882,0.5840745655349437,0.7072499955659322,0.7536486811984939,0.6544009254396783,0.458466486973526,0.6075028583650965,0.5009394438133432,0.559826033308233,0.1159565788351293,0.4547552181714016,0.5658494811723375,0.7170438473333586,0.4151036980754176,0.247448191097931,0.4869322026133903,0.2567455132551374,0.4144669975297643,0.2632464596365561,0.472185545232216
78,0.670565545342946,0.6323552660893753,0.4480435647916401,0.3252621391699793,0.5198807934333745,0.5402496316555719,0.4457917523771825,0.3229486962587772,0.6003337589704882,0.5198675119802427,0.6410669919443535,0.498419638318311,0.6559911884265454,0.2364958401232056,0.4683300130113226,0.5781608688656613,0.4204649636648714,0.4206774758102524,0.4908101717617488,0.5331604307729619,0.3635086111259838,0.566970696953013,0.5896322814816025,0.4428574601375322,0.679654304496706,0.7346068501503787,0.3272236601370948,0.7122560147693482,0.256252976772235,0.470701243270911,0.7275566193735974,0.4647520498682795,0.5436355625957174,0.5570878872057465,0.6297317396081404,0.4207019854330827,0.5640143700508091,0.5716158578723378,0.4743796246351848,0.421153862237278,0.5807457821653188,0.4709672433001415,0.5837116832460157,0.4374223557526733,0.5463575985216453,0.5240542946252671,0.6495802044187516,0.4565446353779033,0.6571121445642181,0.3821527785640852,0.401030924219254,0.5367864205076602,0.54496978784383,0.42543450575991,0.2361642413656802,0.7848576113305554,0.3261097862309791,0.2561051280339941,0.4187344307273731,0.449266673522517,0.317808106102675,0.439583456365044,0.4904312383188598,0.5316081467586005,0.5076263658223108,0.6582390807762935,0.6043384103957898,0.5907289049765743,0.4801584815512907,0.6279040185658992,0.4766483429662969,0.5318067651691939,0.4948517664443166,0.3134926167659331,0.3702461003777791,0.2706101550079927,0.594073063658817,0.6953006164678477,0.4148707208517706,0.4186736000062645,0.3823733192759896,0.5722464641602953,0.5188962692930114,0.5956114747850898,0.3783183912818998,0.3315135755698839,0.4579262471359936,0.5706701350615948,0.7225320023797275,0.6006928213939394,0.2425078420469438,0.5662155127617814,0.5265405793367671,0.5265323420991597,0.3624470596922324,0.428714066381654,0.482260500585204,0.5211956716744974,0.5209721414251982,0.5146076548153702,0.5234568554278634,0.3864806086234291,0.5580871854156754,0.5488499873810351,0.3340123211185007,0.4307538072647755,0.2449436968289391,0.393044099537154,0.5157588871267416,0.6333466409720632,0.6258907848551867,0.5676575246949626,0.7089137838500044,0.5741047234807182,0.4138856840536212,0.6168964948916313,0.5260123354926294,0.5974399315777099,0.0512897889920658,0.3943167008837562,0.5785116553442199,0.7390641446445918,0.4195737207144172,0.4776219392308764,0.448132349540247,0.4197206394215904,0.459609723838336,0.1871284057488834,0.6002216994392224
79,0.8199080495770159,0.8346256797673182,0.3783697587613275,0.4409044954521887,0.3044063830507378,0.7386450643564269,0.15565838418256,0.163626936910493,0.8526517306732333,0.8534094931838893,0.8523524982878155,0.4778032432122447,0.6953801343409871,0.3679196821748381,0.7870388988740791,0.776103477322911,0.2900176673693312,0.3180235605534022,0.6868739849561127,0.5624623625685218,0.0590715227267705,0.4093272073012347,0.5437969941780042,0.4787967334320888,0.5853847482332641,0.8940898094945248,0.4634056525385442,0.9334959160529396,0.4980041000856041,0.281146409706033,0.5618911980687507,0.7772762847086694,0.2969058769620998,0.6074037638175658,0.8508219510138294,0.2946054886791421,0.7586151605115099,0.6706355341828443,0.8125194283940476,0.4884803090266436,0.1512658128324907,0.8550740564333358,0.907769025548108,0.4751267074217334,0.5467878457878443,0.8194582810488804,0.7870725476699398,0.336434683664415,0.399072868867484,0.4078774855091053,0.43336669339504,0.1225719846986666,0.3712463998852769,0.2028221580604835,0.463088461378909,0.900951067442484,0.319074237416629,0.3312817865614179,0.4453519610044432,0.4202896374073705,0.300869504905906,0.7656848915252199,0.2239924587791226,0.4769249296362002,0.1663796396561852,0.8414176228753113,0.8469389948390221,0.4539622903596156,0.7918781098325862,0.8992639757270606,0.1339846735014168,0.3504502076485032,0.6738964130901597,0.5581943367169784,0.3036717543520114,0.2117478779264925,0.7626126306103727,0.9141509596496248,0.4691921974533904,0.1985018856429676,0.4251774182172113,0.5513109301305819,0.7988283993433337,0.7906388197608416,0.19738922917829,0.2897903435684584,0.298179608493628,0.8099737123568027,0.4356973927807033,0.8550897624232923,0.1998861052192928,0.3334834457157365,0.4381642230640525,0.2574504212553856,0.1499011804635663,0.7290373079238982,0.6114026146888552,0.5351420866318422,0.5685555044617852,0.8212657820469027,0.5553791188893649,0.2505739747757217,0.5766298287249918,0.9043365554465566,0.2689933826233431,0.0707302958476307,0.2075062085136775,0.2304401566406939,0.6708111673468633,0.6383616083582793,0.3995636928293843,0.8327446787676436,0.1855532889176835,0.4488434194329654,0.6317073536529108,0.90705868406468,0.5377092633621519,0.899144292017622,0.0977142471381075,0.2120669758540014,0.9207946438646546,0.7831775579825115,0.3052384596228873,0.7211688246866377,0.6462871910355656,0.1899011961594116,0.1841985177632465,0.3047519648931164,0.5175209997383162
80,0.8852935958774656,0.7394087738239443,0.2233937461498759,0.3016785736661665,0.7160303999066467,0.4952711152234509,0.4439964192904873,0.3968016162264867,0.7079501308341187,0.4856680274721974,0.914761363019536,0.5814919693791043,0.8376471699964172,0.1265407664898825,0.5498444076987288,0.4152472905761587,0.3918658946306662,0.329460597095965,0.5325459831886404,0.3969830456147447,0.7131276719517995,0.5497045462791755,0.7209773400324881,0.3605942100159633,0.6890966332791912,0.4708499403154981,0.378479914017116,0.3147780104839492,0.3598089934403413,0.9099833341200864,0.3653656643145145,0.7787536969843927,0.5409195995017835,0.6596306034928433,0.5476118232161695,0.6247027850644852,0.5245092965229057,0.8303287755482481,0.6104633271503106,0.4339277229403234,0.8437796742877275,0.3973002737384701,0.5275266444005573,0.4916687259245675,0.6955989607120021,0.5907222185741536,0.4084877718351895,0.5459753609814733,0.6326254747449847,0.4919167857334962,0.4142798816753687,0.6268958296327557,0.6274924482258886,0.4227401455905532,0.2398475449944677,0.8311016995990619,0.3016879417229769,0.3537830375308269,0.4124107122394044,0.3656424868638829,0.2644663598554548,0.2105091054192424,0.539100856770111,0.4030690489062759,0.7232853076165924,0.8494642306568578,0.8276463882422098,0.8321091530756827,0.6651781506483946,0.7583745453309516,0.311365268951271,0.3174228544030734,0.4417600123180769,0.1243604046905809,0.5171229294559763,0.2531656214504909,0.6664833557577265,0.7028304604165594,0.2417604405623649,0.7330338549969949,0.4677178493281166,0.6207524219697871,0.4243480218897588,0.5424962453578492,0.3637419983196233,0.6750464049611129,0.2305641351467964,0.514982115823054,0.8208013667744334,0.6436929628903783,0.1222213710868664,0.5052422901405219,0.5464649936803021,0.7752317687212117,0.6711135956016464,0.1964418706110843,0.6261118128688576,0.4402716787628978,0.435795396696673,0.5503423352654289,0.6217643939355351,0.434294205308983,0.6160607650467067,0.8830544612543664,0.3624920282091973,0.3761532067859973,0.2234630431946175,0.4754778622003242,0.6291760509948581,0.683883278947886,0.7811106916831643,0.5779819611290752,0.6478136599027666,0.7129681011257436,0.2088630530668771,0.4809276009124168,0.4997374117642847,0.3548857751386349,0.0339639915565738,0.5637539536374434,0.4852992480339577,0.764704270369134,0.5681779886383271,0.4201138342653117,0.7869642356501636,0.3874795101231941,0.8363308214352657,0.4276803610192374,0.5725908535904435
81,0.4690755630714098,0.4390131391090135,0.5179133068314188,0.3546086743136096,0.5835439310298036,0.5934771587103667,0.5257417271560139,0.6450917261061235,0.4121551354891247,0.5373361378059853,0.4030771736903699,0.6824017975465183,0.3500948813150386,0.5347943229065629,0.5276493858497491,0.4735252684072868,0.3693751880009943,0.4206419179099502,0.5031790444747913,0.5846405013449719,0.5375660979915762,0.5207792097242887,0.6225849920593473,0.7291665752722583,0.2500650546723738,0.2416591871296041,0.6099446906262105,0.3781151970778779,0.2667555236257614,0.8768374452796164,0.4302241879542879,0.3447970549349285,0.3754513033642642,0.4706031167160479,0.661985008599919,0.5614305676228194,0.582713965439271,0.5195505555190306,0.6579230963298459,0.7969462791450959,0.514309182110288,0.2199473221392016,0.4024563030036611,0.4473550849243355,0.5231695936659366,0.5271799047006948,0.3447531349354484,0.4937998323941299,0.6198458121213852,0.2802704056570212,0.6406627996586071,0.6713363520957611,0.4206264416712906,0.4360601328277061,0.6736856205273986,0.5213743284479135,0.2760861566765388,0.7038767973405666,0.4958694802193125,0.567728147274084,0.2328022538080911,0.4816235999853792,0.5069265533781246,0.631232093216545,0.4562608011754867,0.3250468090819709,0.4212153631778886,0.3067845646116885,0.6080361005055541,0.3437190289705065,0.5802061018510567,0.4888702104030099,0.1790701516831324,0.4122191571922078,0.6439223602231833,0.2614917169734671,0.6038081086393461,0.4433092116243906,0.7137013126727929,0.5901091730654398,0.3502900855409598,0.8341086392837016,0.3208391793813216,0.5559210902367457,0.5637350283327742,0.529215802267936,0.4767544513592758,0.5915727203812164,0.643966461912165,0.7163950854805081,0.5014660779568658,0.5482831294546149,0.4231477944965384,0.2196926128482345,0.3387498661888565,0.3149784114505185,0.298517249035199,0.3641716449045439,0.6992857079091901,0.7499077929760308,0.384321118009129,0.5482474172428027,0.7062695926429345,0.1900220006635576,0.5741363980636,0.6837979891805922,0.3423795713118569,0.4172708226662482,0.4447088679202535,0.6718963159266225,0.5490225300091982,0.395770315567682,0.5490030555906457,0.6850704881096199,0.4307084126674027,0.3885614270552106,0.6774356342985888,0.3878241326489261,0.1914493841555635,0.3490561120759651,0.4383017091526096,0.7228900255062133,0.4165688748773973,0.394333278827476,0.4174382937662579,0.4879579878091252,0.547287590708291,0.3835403872283048,0.4004481516627048
82,0.4157003585205835,0.392971702100916,0.105488862049337,0.3707892079106392,0.7773556269874458,0.5954275460379623,0.6244207426620217,0.2785897657550738,0.4350563508843619,0.195029725934652,0.4160139830237368,0.5092087400165727,0.5655034809885864,0.2193626965060162,0.4808373906470691,0.4357705695285587,0.2359228809572486,0.4289165904301819,0.4017695493475395,0.1132134631553082,0.6381223384352259,0.6739313120490118,0.7498968290545285,0.3597822925164829,0.6287361396603043,0.2110867414606129,0.4952754034432809,0.3876423953348783,0.2838790346862797,0.5059249802070337,0.542029104487245,0.3841290228814839,0.3267617821207089,0.3718205817765186,0.5149565615599356,0.4756640957767022,0.4498595804786534,0.2358194046418021,0.32964992470969,0.5729846558277112,0.7622455088056748,0.203133842047237,0.3392735986339023,0.4065709307166128,0.6788854987406441,0.402162392714801,0.5388056329531654,0.3410411477116398,0.5292299640203348,0.3870707949611137,0.5384713433819281,0.7536868352885603,0.4961508740531875,0.5051375577592057,0.554379221247755,0.7207246633910811,0.6983821577292342,0.5210583155462727,0.4268761311647109,0.6518845986630878,0.3554086881702353,0.2671813178026008,0.707429679693948,0.5342370344924957,0.4989124275773736,0.4848149032999967,0.4928482540494663,0.2868785491811655,0.7704945035883072,0.3799779811818413,0.5283995690133803,0.524086267448141,0.1078392283133197,0.2941305950549487,0.3630215405909649,0.2940455941082622,0.5170516738180075,0.5714167408730961,0.4305558410468271,0.7045283479897455,0.1274610414557292,0.8633948467495713,0.4260280029227933,0.6515663789459968,0.2833600053243736,0.6068474273155671,0.3494719326372715,0.4793824451621215,0.7932112210937443,0.5091823295496815,0.3442635353305199,0.4666114383236247,0.4352305528874489,0.3919071027142232,0.1218940997756593,0.2733989168090365,0.3054623972862478,0.2818526800852403,0.736581991696992,0.6794744911146753,0.4166153421437135,0.3348029024486565,0.6355086366359168,0.2123322342065742,0.6283836614541677,0.5071566395306484,0.2655201617081931,0.2232696945806544,0.1006892175577843,0.677300972535844,0.5634862719502158,0.3344203049080407,0.4820991978160241,0.3776470755800201,0.3054521436905247,0.4219679438190856,0.6050166027858119,0.4604944583460457,0.0544313356668243,0.6138767431900933,0.2569465902460667,0.4649818549570781,0.2113991199192801,0.2321787856843601,0.5234713424434769,0.7059643120806187,0.6916080662351716,0.568483164370412,0.4020826398910966
83,0.6534590175175577,0.3490251467870145,0.4079755239660738,0.371734151103626,0.219253037946285,0.7801136887425844,0.3312119458898933,0.295090477697673,0.2849850105087722,0.7560875296740397,0.3559000264931096,0.7214086455735597,0.1960604518574265,0.6609377642870925,0.7613824678294839,0.8010962621621608,0.2792845549222743,0.2236206665194285,0.8866522080744558,0.6057813936577319,0.3565158207717209,0.4133103441797898,0.773656085713229,0.7148355404645378,0.3631963844489474,0.6075937749168893,0.6368937476941997,0.7255047218912026,0.2975844744352668,0.3571963786696085,0.1983852875335183,0.3593634321845857,0.4212252380378412,0.5324649798281761,0.7474215268359513,0.7448280009845619,0.8383228263257663,0.3551793409423197,0.8366205355799777,0.6763410359825156,0.1615806443530942,0.8146786725587614,0.8088577465578558,0.3568041628394832,0.2590362156026101,0.7086160947504432,0.8498486271436129,0.2918864049560409,0.1847214836994527,0.3075107151979978,0.7213972341079113,0.1541209957303099,0.1869995966304905,0.2339819199835367,0.4068918852693255,0.7064413001254083,0.3591767204996592,0.4252181256138186,0.5987676887354004,0.6924366597940422,0.3603374302449766,0.5186721000558613,0.2602516123778575,0.4926624501091384,0.2308486310527311,0.239980360667824,0.6000784901404687,0.8289524842513091,0.624637628945934,0.5272145932896243,0.171095821535186,0.5596647620155871,0.4081267673059174,0.8635206632033334,0.3976028330646948,0.3209276424280688,0.4245316475024653,0.700666837435839,0.7125512724189466,0.2519336500756972,0.3184425264762645,0.6545830930701602,0.6715687080773337,0.8715239047435652,0.5912748804936173,0.5445150025053672,0.3432725040541999,0.6836328367425892,0.4678960620458627,0.5390931296016601,0.2353051089295118,0.3649937681585511,0.186238851381452,0.604708746533854,0.5373525544440623,0.5501734630656396,0.2263246241140488,0.4788212708876995,0.6579984367386881,0.6790575356103746,0.1926043740054315,0.4105436244794418,0.6527638497787668,0.2713397680099668,0.2223391596641053,0.6749981036072228,0.4108070803151298,0.8556282803091774,0.3093555144659069,0.7108937426643706,0.3894720347777082,0.5808201037845597,0.2104549922105987,0.7742954215600003,0.7747469428926959,0.7889546583666674,0.7973104243601657,0.8000739465719525,0.5999625137450567,0.3046755014857422,0.7777072220498932,0.2632946478968051,0.2810836008969006,0.5329661998807188,0.3051276438573812,0.2257739225425107,0.1543239960040774,0.3452104559772255,0.2554059645193674
